,loc_pred,gt_error_loc
0,26,26
1,0,0
2,72,72
3,0,0
4,0,0
5,13,13
6,0,0
7,21,21
8,0,0
9,0,0
10,22,22
11,0,0
12,14,14
13,0,0
14,12,12
15,0,0
16,26,26
17,0,0
18,28,28
19,0,0
20,12,12
21,0,0
22,18,18
23,0,0
24,22,22
25,0,0
26,22,22
27,0,0
28,43,43
29,0,0
30,0,0
31,18,18
32,0,0
33,22,22
34,0,0
35,17,17
36,0,0
37,20,20
38,0,0
39,20,20
40,0,0
41,18,18
42,0,0
43,18,18
44,0,0
45,23,23
46,0,0
47,26,26
48,20,0
49,18,18
50,0,0
51,12,12
52,0,0
53,18,18
54,0,0
55,18,18
56,0,0
57,18,18
58,0,0
59,22,22
60,0,0
61,12,12
62,0,0
63,26,26
64,0,0
65,37,37
66,0,0
67,46,46
68,0,0
69,15,15
70,0,0
71,12,12
72,0,0
73,24,24
74,0,0
75,26,26
76,0,0
77,24,24
78,0,0
79,20,20
80,0,0
81,20,20
82,0,0
83,18,18
84,0,0
85,22,22
86,0,0
87,18,18
88,0,0
89,31,31
90,0,0
91,21,21
92,0,0
93,0,0
94,0,0
95,0,0
96,12,12
97,0,0
98,18,18
99,0,0
100,15,15
101,0,0
102,22,22
103,0,0
104,26,26
105,0,0
106,24,24
107,0,0
108,16,16
109,0,0
110,26,26
111,0,0
112,12,12
113,0,0
114,14,14
115,0,0
116,21,21
117,0,0
118,20,20
119,0,0
120,46,46
121,0,0
122,0,9
123,0,0
124,17,17
125,0,0
126,27,27
127,0,0
128,26,26
129,0,0
130,27,27
131,0,0
132,30,30
133,0,0
134,26,26
135,0,0
136,30,30
137,0,0
138,24,24
139,0,0
140,27,27
141,0,0
142,70,70
143,0,0
144,9,9
145,0,0
146,77,77
147,0,0
148,67,67
149,0,0
150,77,77
151,0,0
152,0,15
153,0,0
154,71,67
155,0,0
156,14,14
157,0,0
158,13,13
159,0,0
160,15,15
161,0,0
162,144,144
163,0,0
164,0,11
165,0,0
166,0,11
167,0,0
168,0,11
169,0,0
170,0,11
171,0,0
172,0,11
173,0,0
174,0,11
175,0,0
176,0,11
177,0,0
178,0,17
179,17,0
180,0,17
181,0,0
182,0,11
183,0,0
184,0,17
185,17,0
186,31,31
187,0,0
188,15,15
189,0,0
190,13,13
191,0,0
192,39,39
193,0,0
194,20,20
195,0,0
196,22,22
197,0,0
198,49,49
199,0,0
200,25,25
201,0,0
202,0,56
203,0,0
204,22,22
205,0,0
206,0,0
207,9,9
208,0,0
209,18,18
210,0,0
211,18,18
212,0,0
213,53,53
214,0,0
215,33,33
216,0,0
217,18,18
218,0,0
219,21,21
220,0,0
221,14,14
222,0,0
223,26,26
224,0,0
225,26,26
226,0,0
227,24,24
228,0,0
229,28,28
230,0,0
231,24,24
232,0,0
233,84,84
234,0,0
235,20,20
236,0,0
237,21,21
238,0,0
239,26,26
240,0,0
241,26,26
242,0,0
243,26,26
244,0,0
245,22,22
246,0,0
247,22,22
248,0,0
249,12,12
250,0,0
251,21,21
252,0,0
253,42,42
254,0,0
255,28,20
256,0,0
257,0,12
258,12,0
259,33,33
260,0,0
261,26,26
262,0,0
263,9,9
264,0,0
265,0,16
266,0,0
267,0,0
268,21,21
269,0,0
270,45,45
271,0,0
272,9,9
273,0,0
274,0,0
275,0,0
276,0,0
277,0,0
278,0,0
279,0,0
280,0,0
281,0,0
282,0,0
283,0,0
284,0,0
285,0,0
286,0,0
287,0,0
288,0,0
289,0,0
290,0,0
291,0,0
292,0,0
293,0,0
294,0,0
295,0,0
296,0,0
297,0,100
298,0,0
299,0,17
300,17,0
301,17,11
302,17,0
303,21,21
304,0,0
305,21,21
306,0,0
307,0,11
308,0,0
309,0,11
310,0,0
311,25,25
312,0,0
313,37,37
314,0,0
315,0,25
316,0,0
317,0,11
318,0,0
319,0,11
320,0,0
321,0,11
322,0,0
323,0,11
324,0,0
325,0,11
326,0,0
327,0,11
328,0,0
329,0,11
330,0,0
331,0,11
332,0,0
333,0,11
334,0,0
335,0,11
336,0,0
337,0,0
338,0,0
339,42,42
340,0,0
341,59,59
342,0,0
343,14,14
344,0,0
345,0,29
346,0,0
347,0,23
348,0,0
349,28,28
350,0,0
351,53,53
352,0,0
353,32,32
354,0,0
355,15,15
356,0,0
357,0,23
358,0,0
359,0,23
360,0,0
361,29,29
362,0,0
363,37,37
364,0,0
365,11,11
366,0,0
367,19,19
368,0,0
369,13,13
370,0,0
371,13,13
372,0,0
373,23,23
374,0,0
375,15,15
376,0,0
377,23,23
378,0,0
379,50,48
380,0,0
381,25,25
382,0,0
383,39,39
384,0,0
385,41,47
386,0,0
387,20,20
388,0,0
389,46,46
390,0,0
391,25,25
392,34,0
393,44,44
394,0,0
395,46,46
396,0,0
397,9,9
398,0,0
399,14,14
400,0,0
401,15,15
402,0,0
403,48,48
404,0,0
405,20,14
406,0,0
407,24,20
408,0,0
409,90,90
410,0,0
411,32,32
412,0,0
413,102,102
414,0,0
415,0,205
416,0,0
417,92,92
418,0,0
419,62,62
420,0,0
421,42,42
422,0,0
423,80,80
424,0,0
425,48,48
426,0,0
427,52,52
428,0,0
429,0,28
430,0,0
431,35,35
432,0,0
433,15,15
434,0,0
435,26,26
436,0,0
437,32,32
438,0,0
439,48,48
440,0,0
441,26,26
442,0,0
443,17,17
444,0,0
445,28,28
446,0,0
447,88,88
448,0,0
449,0,0
450,0,0
451,27,27
452,0,0
453,18,18
454,0,0
455,18,18
456,0,0
457,14,14
458,0,0
459,22,22
460,0,0
461,22,22
462,0,0
463,16,16
464,0,0
465,20,20
466,0,0
467,0,0
468,83,83
469,0,0
470,95,95
471,0,0
472,20,20
473,0,0
474,12,12
475,0,0
476,63,63
477,0,0
478,0,48
479,0,0
480,21,21
481,0,0
482,31,31
483,0,0
484,11,11
485,0,0
486,46,46
487,0,0
488,76,76
489,76,0
490,62,58
491,0,0
492,20,20
493,0,0
494,48,48
495,0,0
496,15,15
497,0,0
498,43,43
499,0,0
500,36,36
501,0,0
502,23,17
503,0,0
504,0,25
505,0,0
506,31,31
507,0,0
508,17,17
509,0,0
510,17,17
511,0,0
512,9,9
513,0,0
514,9,9
515,0,0
516,57,57
517,0,0
518,15,15
519,0,0
520,176,176
521,0,0
522,29,29
523,0,0
524,57,57
525,0,0
526,17,17
527,0,0
528,98,98
529,0,0
530,0,9
531,0,0
532,104,40
533,0,0
534,0,23
535,0,0
536,21,21
537,0,0
538,15,15
539,0,0
540,40,40
541,0,0
542,15,15
543,0,0
544,13,13
545,0,0
546,13,13
547,0,0
548,93,93
549,0,0
550,90,90
551,0,0
552,43,43
553,0,0
554,19,15
555,0,0
556,63,70
557,0,0
558,47,47
559,0,0
560,26,26
561,0,0
562,25,25
563,0,0
564,48,48
565,0,0
566,0,163
567,0,0
568,14,14
569,0,0
570,82,82
571,0,0
572,88,88
573,0,0
574,144,144
575,0,0
576,47,47
577,0,0
578,34,34
579,0,0
580,30,30
581,0,0
582,23,23
583,0,0
584,72,72
585,0,0
586,0,0
587,55,55
588,0,0
589,17,17
590,0,0
591,0,119
592,0,0
593,15,15
594,0,0
595,30,30
596,0,0
597,40,40
598,33,0
599,9,9
600,0,0
601,0,0
602,29,29
603,0,0
604,25,25
605,0,0
606,25,25
607,0,0
608,28,28
609,0,0
610,15,15
611,0,0
612,25,25
613,0,0
614,9,9
615,0,0
616,31,31
617,0,0
618,9,9
619,0,0
620,9,9
621,0,0
622,57,57
623,0,0
624,9,9
625,0,0
626,17,17
627,0,0
628,47,47
629,0,0
630,80,80
631,0,0
632,18,18
633,0,0
634,22,22
635,0,0
636,20,20
637,0,0
638,24,24
639,0,0
640,198,198
641,0,0
642,28,28
643,0,0
644,57,57
645,0,0
646,20,20
647,0,0
648,26,26
649,0,0
650,18,18
651,0,0
652,27,27
653,0,0
654,18,18
655,0,0
656,18,18
657,0,0
658,24,24
659,0,0
660,73,73
661,0,0
662,19,19
663,0,0
664,20,20
665,0,0
666,24,24
667,0,0
668,18,18
669,0,0
670,13,13
671,0,0
672,14,14
673,0,0
674,0,23
675,0,0
676,67,63
677,0,0
678,98,98
679,0,0
680,0,0
681,34,34
682,0,0
683,38,38
684,0,0
685,50,50
686,0,0
687,20,20
688,0,0
689,26,26
690,0,0
691,31,31
692,0,0
693,13,13
694,0,0
695,0,0
696,0,0
697,0,0
698,0,0
699,0,0
700,13,13
701,0,0
702,0,0
703,13,13
704,0,0
705,0,0
706,13,13
707,0,0
708,0,0
709,0,0
710,0,0
711,19,19
712,0,0
713,46,46
714,0,0
715,76,76
716,0,0
717,0,0
718,0,0
719,0,0
720,0,0
721,0,0
722,0,0
723,13,13
724,0,0
725,0,0
726,34,34
727,0,0
728,108,108
729,0,0
730,0,39
731,0,0
732,55,55
733,0,0
734,213,213
735,0,0
736,103,103
737,0,0
738,63,63
739,0,0
740,26,26
741,0,0
742,135,135
743,0,0
744,9,9
745,0,0
746,11,11
747,0,0
748,46,46
749,0,0
750,199,199
751,0,0
752,9,9
753,0,0
754,45,45
755,0,0
756,13,13
757,0,0
758,17,17
759,0,0
760,50,50
761,0,0
762,29,29
763,0,0
764,20,20
765,0,0
766,82,82
767,0,0
768,104,104
769,0,0
770,15,15
771,0,0
772,89,89
773,0,0
774,127,127
775,0,0
776,13,13
777,0,0
778,24,24
779,0,0
780,0,27
781,0,0
782,0,75
783,0,0
784,15,15
785,0,0
786,67,67
787,0,0
788,154,154
789,0,0
790,0,104
791,0,0
792,64,64
793,0,0
794,42,42
795,0,0
796,31,31
797,0,0
798,0,20
799,0,0
800,0,36
801,0,0
802,66,66
803,0,0
804,0,152
805,0,0
806,96,96
807,0,0
808,0,98
809,0,0
810,15,11
811,0,0
812,35,35
813,0,0
814,22,22
815,0,0
816,11,11
817,0,0
818,23,23
819,0,0
820,19,19
821,0,0
822,22,22
823,0,0
824,15,15
825,0,0
826,0,0
827,0,0
828,22,22
829,0,0
830,15,15
831,0,0
832,15,15
833,0,0
834,45,45
835,0,0
836,68,68
837,0,0
838,13,13
839,0,0
840,129,129
841,0,0
842,86,86
843,0,0
844,11,11
845,0,0
846,12,12
847,0,0
848,12,12
849,0,0
850,0,22
851,0,0
852,26,26
853,0,0
854,23,23
855,0,0
856,33,33
857,0,0
858,17,17
859,0,0
860,0,66
861,0,0
862,57,57
863,0,0
864,62,62
865,0,0
866,14,14
867,0,0
868,22,22
869,0,0
870,31,31
871,0,0
872,19,19
873,0,0
874,0,122
875,0,0
876,17,17
877,0,0
878,92,92
879,0,0
880,139,139
881,0,0
882,0,48
883,0,0
884,43,29
885,0,0
886,15,11
887,0,0
888,51,51
889,0,0
890,24,24
891,0,0
892,73,73
893,0,0
894,0,42
895,0,0
896,40,40
897,0,0
898,12,12
899,0,0
900,49,49
901,0,0
902,88,88
903,0,0
904,0,40
905,0,0
906,58,58
907,0,0
908,20,20
909,0,0
910,9,9
911,0,0
912,40,40
913,0,0
914,41,41
915,0,0
916,25,25
917,0,0
918,57,57
919,0,0
920,35,35
921,0,0
922,44,44
923,0,0
924,0,60
925,0,0
926,36,36
927,0,0
928,0,89
929,0,0
930,0,13
931,0,0
932,21,21
933,0,0
934,42,42
935,0,0
936,25,25
937,0,0
938,29,29
939,0,0
940,20,20
941,0,0
942,29,29
943,0,0
944,0,45
945,45,0
946,0,32
947,0,0
948,0,107
949,0,0
950,0,35
951,0,0
952,142,142
953,0,0
954,50,50
955,0,0
956,27,27
957,0,0
958,17,17
959,0,0
960,51,51
961,0,0
962,15,15
963,0,0
964,33,33
965,0,0
966,0,99
967,0,0
968,101,101
969,0,0
970,92,92
971,0,0
972,111,111
973,0,0
974,32,32
975,0,0
976,28,28
977,0,0
978,41,41
979,0,0
980,65,65
981,0,0
982,107,107
983,0,0
984,37,37
985,0,0
986,49,49
987,0,0
988,193,193
989,0,0
990,0,242
991,0,0
992,0,105
993,0,0
994,26,26
995,119,0
996,31,31
997,0,0
998,0,14
999,0,0
1000,67,63
1001,0,0
1002,11,11
1003,0,0
1004,52,52
1005,0,0
1006,45,45
1007,0,0
1008,22,22
1009,0,0
1010,78,78
1011,0,0
1012,0,72
1013,0,0
1014,0,0
1015,0,0
1016,0,0
1017,0,0
1018,0,0
1019,15,15
1020,0,0
1021,0,74
1022,0,0
1023,16,10
1024,0,0
1025,29,29
1026,0,0
1027,67,67
1028,0,0
1029,0,13
1030,0,0
1031,0,0
1032,151,151
1033,104,0
1034,28,28
1035,0,0
1036,230,230
1037,0,0
1038,51,36
1039,0,0
1040,28,28
1041,0,0
1042,45,45
1043,0,0
1044,33,33
1045,0,0
1046,0,36
1047,0,0
1048,0,149
1049,149,0
1050,25,25
1051,0,0
1052,13,13
1053,0,0
1054,18,18
1055,0,0
1056,16,16
1057,0,0
1058,30,30
1059,0,0
1060,18,18
1061,0,0
1062,24,24
1063,0,0
1064,101,101
1065,0,0
1066,32,32
1067,0,0
1068,58,58
1069,0,0
1070,48,48
1071,66,0
1072,47,0
1073,27,27
1074,0,0
1075,0,0
1076,0,0
1077,40,40
1078,0,0
1079,58,58
1080,0,0
1081,41,41
1082,0,0
1083,72,72
1084,0,0
1085,66,66
1086,0,0
1087,98,98
1088,0,0
1089,20,20
1090,0,0
1091,18,11
1092,0,0
1093,13,13
1094,0,0
1095,17,17
1096,0,0
1097,27,27
1098,0,0
1099,18,18
1100,0,0
1101,18,18
1102,0,0
1103,18,11
1104,0,0
1105,0,0
1106,0,0
1107,22,22
1108,0,0
1109,20,20
1110,0,0
1111,18,11
1112,0,0
1113,18,11
1114,0,0
1115,11,11
1116,0,0
1117,13,13
1118,0,0
1119,18,18
1120,0,0
1121,11,11
1122,0,0
1123,21,21
1124,0,0
1125,23,23
1126,0,0
1127,13,13
1128,0,0
1129,18,18
1130,0,0
1131,15,11
1132,0,0
1133,15,15
1134,0,0
1135,18,11
1136,0,0
1137,19,19
1138,0,0
1139,19,19
1140,0,0
1141,19,19
1142,0,0
1143,19,12
1144,0,0
1145,19,19
1146,0,0
1147,19,12
1148,0,0
1149,19,19
1150,0,0
1151,19,12
1152,0,0
1153,59,59
1154,0,0
1155,0,119
1156,0,0
1157,159,159
1158,0,0
1159,9,9
1160,0,0
1161,11,11
1162,0,0
1163,18,18
1164,0,0
1165,11,11
1166,0,0
1167,19,19
1168,0,0
1169,20,20
1170,0,0
1171,40,40
1172,0,0
1173,21,21
1174,0,0
1175,24,24
1176,0,0
1177,11,11
1178,0,0
1179,19,19
1180,0,0
1181,19,19
1182,0,0
1183,10,10
1184,0,0
1185,18,18
1186,0,0
1187,17,17
1188,0,0
1189,41,41
1190,0,0
1191,91,91
1192,0,0
1193,11,11
1194,0,0
1195,17,17
1196,0,0
1197,13,13
1198,0,0
1199,0,164
1200,0,0
1201,0,11
1202,0,0
1203,0,11
1204,0,0
1205,101,101
1206,0,0
1207,31,27
1208,0,0
1209,42,42
1210,0,0
1211,50,50
1212,0,0
1213,0,11
1214,0,0
1215,0,11
1216,0,0
1217,19,12
1218,0,0
1219,19,12
1220,0,0
1221,19,12
1222,0,0
1223,19,19
1224,0,0
1225,19,12
1226,0,0
1227,19,19
1228,0,0
1229,19,19
1230,0,0
1231,19,19
1232,0,0
1233,19,12
1234,0,0
1235,19,19
1236,0,0
1237,12,12
1238,0,0
1239,13,13
1240,0,0
1241,18,18
1242,0,0
1243,20,20
1244,0,0
1245,13,13
1246,0,0
1247,20,20
1248,0,0
1249,19,12
1250,0,0
1251,14,14
1252,0,0
1253,19,19
1254,0,0
1255,19,19
1256,0,0
1257,19,19
1258,0,0
1259,19,12
1260,0,0
1261,19,19
1262,0,0
1263,12,12
1264,0,0
1265,12,12
1266,0,0
1267,20,20
1268,0,0
1269,11,11
1270,0,0
1271,11,11
1272,0,0
1273,13,13
1274,0,0
1275,18,18
1276,0,0
1277,18,18
1278,0,0
1279,20,20
1280,0,0
1281,0,0
1282,29,29
1283,0,0
1284,0,40
1285,0,0
1286,33,33
1287,0,0
1288,0,0
1289,0,0
1290,0,0
1291,0,0
1292,0,0
1293,0,0
1294,0,0
1295,0,0
1296,0,0
1297,0,0
1298,0,0
1299,0,0
1300,0,0
1301,161,161
1302,16,0
1303,28,28
1304,0,0
1305,58,58
1306,0,0
1307,24,24
1308,0,0
1309,17,11
1310,0,0
1311,143,143
1312,0,0
1313,9,9
1314,0,0
1315,60,60
1316,0,0
1317,29,29
1318,0,0
1319,0,61
1320,0,0
1321,11,11
1322,0,0
1323,105,105
1324,0,0
1325,24,24
1326,0,0
1327,13,13
1328,0,0
1329,60,60
1330,0,0
1331,59,59
1332,0,0
1333,57,57
1334,0,0
1335,235,235
1336,0,0
1337,211,211
1338,0,0
1339,37,33
1340,0,0
1341,0,80
1342,0,0
1343,25,25
1344,0,0
1345,0,59
1346,0,0
1347,0,0
1348,35,35
1349,0,0
1350,51,51
1351,0,0
1352,80,80
1353,0,0
1354,0,0
1355,21,21
1356,0,0
1357,18,18
1358,0,0
1359,27,27
1360,0,0
1361,18,18
1362,0,0
1363,27,27
1364,0,0
1365,14,14
1366,0,0
1367,21,21
1368,0,0
1369,27,27
1370,0,0
1371,18,18
1372,0,0
1373,17,17
1374,0,0
1375,14,14
1376,0,0
1377,26,26
1378,0,0
1379,24,24
1380,0,0
1381,22,22
1382,0,0
1383,14,14
1384,0,0
1385,17,17
1386,0,0
1387,0,0
1388,13,13
1389,0,0
1390,45,45
1391,0,0
1392,92,92
1393,0,0
1394,22,22
1395,118,0
1396,65,65
1397,0,0
1398,79,79
1399,0,0
1400,0,52
1401,0,0
1402,22,22
1403,0,0
1404,0,0
1405,0,0
1406,0,0
1407,0,0
1408,219,219
1409,0,0
1410,82,82
1411,0,0
1412,10,10
1413,0,0
1414,56,56
1415,0,0
1416,21,21
1417,0,0
1418,0,0
1419,29,29
1420,0,0
1421,22,22
1422,0,0
1423,0,0
1424,26,26
1425,0,0
1426,0,0
1427,0,0
1428,0,0
1429,0,0
1430,0,0
1431,0,0
1432,0,0
1433,0,0
1434,0,0
1435,0,20
1436,0,0
1437,14,14
1438,0,0
1439,29,29
1440,0,0
1441,61,61
1442,0,0
1443,143,143
1444,0,0
1445,0,0
1446,0,0
1447,105,105
1448,0,0
1449,87,87
1450,0,0
1451,32,32
1452,0,0
1453,100,100
1454,0,0
1455,46,46
1456,46,0
1457,34,34
1458,0,0
1459,54,54
1460,0,0
1461,17,17
1462,53,0
1463,46,46
1464,0,0
1465,38,38
1466,0,0
1467,13,13
1468,0,0
1469,111,111
1470,0,0
1471,0,0
1472,0,0
1473,47,47
1474,0,0
1475,89,89
1476,0,0
1477,15,15
1478,0,0
1479,66,66
1480,0,0
1481,26,26
1482,0,0
1483,63,63
1484,0,0
1485,88,86
1486,0,0
1487,99,99
1488,0,0
1489,62,62
1490,0,0
1491,89,89
1492,0,0
1493,27,27
1494,0,0
1495,82,82
1496,91,0
1497,72,72
1498,0,0
1499,0,46
1500,0,0
1501,85,85
1502,0,0
1503,102,102
1504,0,0
1505,40,40
1506,0,0
1507,27,27
1508,0,0
1509,94,94
1510,0,0
1511,37,28
1512,0,0
1513,103,103
1514,0,0
1515,0,0
1516,0,0
1517,52,52
1518,0,0
1519,23,23
1520,0,0
1521,52,52
1522,0,0
1523,9,9
1524,0,0
1525,11,11
1526,0,0
1527,0,0
1528,78,78
1529,0,0
1530,23,23
1531,0,0
1532,0,66
1533,0,0
1534,218,218
1535,0,0
1536,70,70
1537,0,0
1538,89,89
1539,0,0
1540,0,53
1541,0,0
1542,79,79
1543,0,0
1544,64,64
1545,0,0
1546,79,79
1547,0,0
1548,76,76
1549,0,0
1550,0,91
1551,0,0
1552,136,136
1553,0,0
1554,46,87
1555,0,0
1556,0,88
1557,0,0
1558,22,22
1559,0,0
1560,22,22
1561,0,0
1562,21,21
1563,0,0
1564,22,22
1565,0,0
1566,0,0
1567,17,17
1568,0,0
1569,0,0
1570,14,14
1571,0,0
1572,21,21
1573,0,0
1574,14,14
1575,0,0
1576,21,21
1577,0,0
1578,13,13
1579,0,0
1580,27,27
1581,0,0
1582,29,29
1583,0,0
1584,14,14
1585,0,0
1586,17,17
1587,0,0
1588,18,18
1589,0,0
1590,13,13
1591,0,0
1592,18,18
1593,0,0
1594,48,48
1595,0,0
1596,68,68
1597,0,0
1598,81,81
1599,0,0
1600,11,11
1601,0,0
1602,23,23
1603,0,0
1604,18,18
1605,0,0
1606,194,194
1607,0,0
1608,0,144
1609,0,0
1610,115,115
1611,0,0
1612,26,26
1613,0,0
1614,0,208
1615,0,0
1616,46,46
1617,0,0
1618,0,10
1619,10,0
1620,117,117
1621,0,0
1622,29,29
1623,0,0
1624,25,25
1625,0,0
1626,23,23
1627,0,0
1628,19,19
1629,0,0
1630,96,96
1631,0,0
1632,187,187
1633,0,0
1634,21,21
1635,0,0
1636,28,20
1637,0,0
1638,23,19
1639,0,0
1640,34,34
1641,0,0
1642,91,91
1643,0,0
1644,69,69
1645,0,0
1646,69,69
1647,0,0
1648,92,92
1649,0,0
1650,80,80
1651,0,0
1652,90,90
1653,0,0
1654,32,32
1655,0,0
1656,0,117
1657,0,0
1658,37,37
1659,0,0
1660,122,122
1661,0,0
1662,0,206
1663,0,0
1664,16,16
1665,0,0
1666,22,22
1667,0,0
1668,17,17
1669,0,0
1670,76,76
1671,0,0
1672,25,25
1673,0,0
1674,13,13
1675,0,0
1676,19,19
1677,0,0
1678,0,12
1679,0,0
1680,18,18
1681,0,0
1682,15,15
1683,0,0
1684,25,25
1685,0,0
1686,18,18
1687,0,0
1688,27,27
1689,0,0
1690,20,20
1691,0,0
1692,22,22
1693,0,0
1694,20,20
1695,0,0
1696,18,18
1697,0,0
1698,20,13
1699,0,0
1700,18,18
1701,0,0
1702,18,18
1703,0,0
1704,24,24
1705,0,0
1706,24,24
1707,0,0
1708,24,24
1709,0,0
1710,17,17
1711,0,0
1712,0,107
1713,0,0
1714,45,45
1715,0,0
1716,98,98
1717,0,0
1718,0,59
1719,0,0
1720,0,0
1721,81,81
1722,0,0
1723,160,160
1724,0,0
1725,28,28
1726,49,0
1727,0,73
1728,0,0
1729,58,58
1730,0,0
1731,141,141
1732,0,0
1733,13,13
1734,0,0
1735,49,49
1736,0,0
1737,17,17
1738,0,0
1739,21,21
1740,0,0
1741,119,119
1742,0,0
1743,48,48
1744,0,0
1745,60,60
1746,0,0
1747,41,41
1748,0,0
1749,29,29
1750,0,0
1751,32,32
1752,0,0
1753,0,0
1754,14,14
1755,0,0
1756,0,59
1757,0,0
1758,0,17
1759,0,0
1760,9,9
1761,0,0
1762,22,22
1763,0,0
1764,22,22
1765,0,0
1766,22,22
1767,0,0
1768,19,19
1769,0,0
1770,19,19
1771,0,0
1772,13,13
1773,0,0
1774,18,18
1775,0,0
1776,18,18
1777,0,0
1778,22,22
1779,0,0
1780,13,13
1781,0,0
1782,20,20
1783,0,0
1784,18,18
1785,0,0
1786,18,18
1787,0,0
1788,11,11
1789,0,0
1790,20,20
1791,0,0
1792,11,11
1793,0,0
1794,12,12
1795,0,0
1796,21,21
1797,0,0
1798,19,12
1799,0,0
1800,11,11
1801,0,0
1802,18,18
1803,0,0
1804,18,18
1805,0,0
1806,16,16
1807,0,0
1808,0,141
1809,0,0
1810,57,57
1811,0,0
1812,118,118
1813,0,0
1814,114,114
1815,0,0
1816,26,26
1817,0,0
1818,13,13
1819,0,0
1820,0,0
1821,22,22
1822,22,0
1823,0,62
1824,0,0
1825,0,11
1826,0,0
1827,91,91
1828,0,0
1829,31,31
1830,0,0
1831,13,13
1832,0,0
1833,99,99
1834,0,0
1835,48,48
1836,0,0
1837,43,43
1838,0,0
1839,73,73
1840,0,0
1841,10,16
1842,0,0
1843,32,32
1844,0,0
1845,72,72
1846,0,0
1847,27,27
1848,0,0
1849,16,16
1850,0,0
1851,99,99
1852,0,0
1853,21,21
1854,0,0
1855,0,44
1856,0,0
1857,12,12
1858,0,0
1859,33,33
1860,0,0
1861,0,81
1862,0,0
1863,122,122
1864,0,0
1865,0,23
1866,0,0
1867,20,20
1868,0,0
1869,49,49
1870,0,0
1871,42,42
1872,0,0
1873,40,40
1874,0,0
1875,44,44
1876,0,0
1877,37,37
1878,0,0
1879,0,37
1880,0,0
1881,54,54
1882,0,0
1883,60,60
1884,0,0
1885,0,15
1886,0,0
1887,54,54
1888,0,0
1889,19,19
1890,0,0
1891,26,26
1892,0,0
1893,0,28
1894,0,0
1895,80,80
1896,0,0
1897,11,11
1898,0,0
1899,33,33
1900,0,0
1901,14,14
1902,0,0
1903,30,30
1904,0,0
1905,0,41
1906,0,0
1907,13,13
1908,0,0
1909,12,12
1910,0,0
1911,14,14
1912,0,0
1913,42,42
1914,0,0
1915,16,16
1916,0,0
1917,30,30
1918,0,0
1919,23,23
1920,0,0
1921,0,124
1922,0,0
1923,32,32
1924,41,0
1925,192,192
1926,0,0
1927,0,251
1928,0,0
1929,41,41
1930,0,0
1931,34,34
1932,0,0
1933,15,15
1934,0,0
1935,82,82
1936,0,0
1937,0,53
1938,0,0
1939,115,115
1940,0,0
1941,236,236
1942,0,0
1943,13,13
1944,0,0
1945,52,52
1946,0,0
1947,80,80
1948,0,0
1949,50,50
1950,0,0
1951,59,59
1952,0,0
1953,43,43
1954,0,0
1955,87,87
1956,0,0
1957,30,30
1958,0,0
1959,101,101
1960,0,0
1961,58,58
1962,0,0
1963,50,50
1964,0,0
1965,28,28
1966,0,0
1967,129,129
1968,0,0
1969,94,94
1970,0,0
1971,19,19
1972,0,0
1973,64,39
1974,0,0
1975,182,182
1976,0,0
1977,20,20
1978,0,0
1979,20,20
1980,0,0
1981,18,11
1982,0,0
1983,18,18
1984,0,0
1985,18,11
1986,0,0
1987,11,11
1988,0,0
1989,22,22
1990,0,0
1991,13,13
1992,0,0
1993,18,18
1994,0,0
1995,18,18
1996,0,0
1997,20,20
1998,0,0
1999,0,240
2000,0,0
2001,0,203
2002,0,0
2003,26,26
2004,0,0
2005,13,13
2006,0,0
2007,32,32
2008,0,0
2009,130,130
2010,0,0
2011,0,54
2012,0,0
2013,30,30
2014,0,0
2015,0,0
2016,188,173
2017,188,0
2018,0,0
2019,20,20
2020,0,0
2021,34,34
2022,0,0
2023,39,39
2024,0,0
2025,0,45
2026,0,0
2027,80,80
2028,0,0
2029,16,16
2030,0,0
2031,29,29
2032,0,0
2033,11,11
2034,0,0
2035,34,34
2036,45,0
2037,23,23
2038,0,0
2039,39,39
2040,0,0
2041,18,18
2042,0,0
2043,18,18
2044,0,0
2045,15,15
2046,0,0
2047,0,61
2048,0,0
2049,16,16
2050,0,0
2051,25,25
2052,0,0
2053,32,32
2054,0,0
2055,57,57
2056,0,0
2057,84,84
2058,0,0
2059,0,100
2060,0,0
2061,256,256
2062,0,0
2063,80,80
2064,48,0
2065,17,17
2066,0,0
2067,0,70
2068,0,0
2069,0,36
2070,0,0
2071,0,137
2072,0,0
2073,0,281
2074,0,0
2075,62,62
2076,0,0
2077,67,67
2078,99,0
2079,51,51
2080,0,0
2081,0,0
2082,0,0
2083,0,13
2084,0,0
2085,27,27
2086,0,0
2087,48,48
2088,0,0
2089,37,37
2090,0,0
2091,20,20
2092,0,0
2093,67,67
2094,0,0
2095,23,23
2096,0,0
2097,251,251
2098,0,0
2099,73,73
2100,0,0
2101,62,58
2102,0,0
2103,64,64
2104,0,0
2105,0,27
2106,0,0
2107,10,10
2108,0,0
2109,13,13
2110,0,0
2111,24,24
2112,0,0
2113,86,86
2114,0,0
2115,85,85
2116,0,0
2117,48,48
2118,0,0
2119,112,112
2120,0,0
2121,0,25
2122,0,0
2123,123,123
2124,0,0
2125,0,21
2126,0,0
2127,0,109
2128,0,0
2129,26,26
2130,0,0
2131,115,115
2132,0,0
2133,0,9
2134,0,0
2135,10,10
2136,0,0
2137,34,34
2138,0,0
2139,12,12
2140,0,0
2141,71,71
2142,0,0
2143,0,16
2144,0,0
2145,0,41
2146,0,0
2147,0,45
2148,24,0
2149,56,56
2150,0,0
2151,0,47
2152,0,0
2153,23,23
2154,0,0
2155,27,27
2156,0,0
2157,31,31
2158,0,0
2159,23,23
2160,0,0
2161,19,19
2162,0,0
2163,19,19
2164,0,0
2165,23,23
2166,0,0
2167,63,63
2168,0,0
2169,24,24
2170,0,0
2171,24,24
2172,0,0
2173,26,26
2174,0,0
2175,66,66
2176,0,0
2177,51,51
2178,0,0
2179,40,40
2180,0,0
2181,26,26
2182,0,0
2183,0,37
2184,0,0
2185,131,131
2186,0,0
2187,0,31
2188,0,0
2189,48,48
2190,0,0
2191,17,17
2192,0,0
2193,36,36
2194,0,0
2195,26,26
2196,0,0
2197,69,69
2198,45,0
2199,32,32
2200,0,0
2201,0,13
2202,0,0
2203,18,18
2204,0,0
2205,14,14
2206,0,0
2207,12,12
2208,0,0
2209,44,44
2210,0,0
2211,0,31
2212,0,0
2213,96,96
2214,0,0
2215,70,70
2216,0,0
2217,17,17
2218,0,0
2219,0,123
2220,0,0
2221,16,16
2222,0,0
2223,44,44
2224,0,0
2225,0,94
2226,0,0
2227,46,46
2228,0,0
2229,0,54
2230,0,0
2231,60,60
2232,0,0
2233,112,112
2234,0,0
2235,0,99
2236,0,0
2237,0,139
2238,0,0
2239,27,27
2240,0,0
2241,146,146
2242,0,0
2243,56,56
2244,0,0
2245,94,94
2246,0,0
2247,37,37
2248,0,0
2249,32,32
2250,0,0
2251,20,20
2252,0,0
2253,30,30
2254,0,0
2255,17,17
2256,0,0
2257,21,21
2258,0,0
2259,0,39
2260,0,0
2261,75,75
2262,0,0
2263,57,57
2264,0,0
2265,0,16
2266,0,0
2267,42,42
2268,0,0
2269,17,17
2270,0,0
2271,21,21
2272,0,0
2273,25,25
2274,0,0
2275,25,25
2276,0,0
2277,121,121
2278,0,0
2279,39,39
2280,0,0
2281,72,72
2282,0,0
2283,41,41
2284,0,0
2285,17,17
2286,0,0
2287,22,22
2288,0,0
2289,0,43
2290,0,0
2291,0,63
2292,0,0
2293,0,0
2294,104,104
2295,0,0
2296,74,74
2297,0,0
2298,0,65
2299,0,0
2300,0,0
2301,123,123
2302,0,0
2303,13,13
2304,0,0
2305,17,17
2306,0,0
2307,0,105
2308,0,0
2309,0,98
2310,0,0
2311,24,24
2312,0,0
2313,40,40
2314,0,0
2315,26,26
2316,0,0
2317,15,15
2318,0,0
2319,0,52
2320,0,0
2321,24,24
2322,0,0
2323,13,13
2324,0,0
2325,13,13
2326,0,0
2327,15,15
2328,0,0
2329,13,13
2330,0,0
2331,9,9
2332,0,0
2333,24,24
2334,0,0
2335,19,19
2336,0,0
2337,70,70
2338,0,0
2339,0,45
2340,0,0
2341,0,43
2342,0,0
2343,110,110
2344,0,0
2345,79,79
2346,0,0
2347,0,0
2348,0,0
2349,55,55
2350,0,0
2351,63,63
2352,0,0
2353,45,32
2354,0,0
2355,158,158
2356,0,0
2357,17,17
2358,0,0
2359,112,112
2360,0,0
2361,0,15
2362,0,0
2363,88,88
2364,0,0
2365,186,186
2366,0,0
2367,46,46
2368,0,0
2369,34,34
2370,0,0
2371,82,82
2372,0,0
2373,124,124
2374,0,0
2375,0,0
2376,0,0
2377,46,46
2378,0,0
2379,0,63
2380,0,0
2381,19,19
2382,0,0
2383,59,59
2384,0,0
2385,16,16
2386,0,0
2387,37,37
2388,0,0
2389,73,73
2390,0,0
2391,61,61
2392,0,0
2393,45,41
2394,0,0
2395,36,36
2396,0,0
2397,36,36
2398,0,0
2399,36,36
2400,0,0
2401,21,21
2402,0,0
2403,21,21
2404,0,0
2405,17,17
2406,0,0
2407,28,28
2408,0,0
2409,0,101
2410,0,0
2411,0,24
2412,0,0
2413,0,79
2414,0,0
2415,0,49
2416,0,0
2417,0,0
2418,0,0
2419,0,0
2420,0,0
2421,0,135
2422,0,0
2423,0,51
2424,0,0
2425,26,26
2426,0,0
2427,0,45
2428,0,0
2429,13,13
2430,0,0
2431,55,55
2432,0,0
2433,21,29
2434,0,0
2435,26,26
2436,0,0
2437,0,16
2438,0,0
2439,20,20
2440,0,0
2441,32,32
2442,0,0
2443,72,72
2444,0,0
2445,28,28
2446,0,0
2447,0,64
2448,0,0
2449,43,43
2450,0,0
2451,0,50
2452,0,0
2453,0,80
2454,0,0
2455,0,31
2456,0,0
2457,69,69
2458,0,0
2459,65,65
2460,0,0
2461,117,117
2462,0,0
2463,50,50
2464,0,0
2465,42,42
2466,0,0
2467,20,20
2468,0,0
2469,25,25
2470,0,0
2471,35,35
2472,0,0
2473,25,25
2474,0,0
2475,25,25
2476,0,0
2477,37,37
2478,0,0
2479,39,39
2480,0,0
2481,48,48
2482,0,0
2483,19,116
2484,19,0
2485,96,96
2486,96,0
2487,47,47
2488,0,0
2489,83,83
2490,0,0
2491,75,75
2492,0,0
2493,0,150
2494,0,0
2495,50,50
2496,0,0
2497,39,39
2498,0,0
2499,0,0
2500,0,0
2501,182,182
2502,0,0
2503,0,35
2504,0,0
2505,17,17
2506,0,0
2507,29,29
2508,0,0
2509,23,23
2510,0,0
2511,74,74
2512,22,0
2513,97,97
2514,61,0
2515,0,18
2516,0,0
2517,0,24
2518,0,0
2519,93,93
2520,0,0
2521,0,203
2522,0,0
2523,29,29
2524,0,0
2525,40,40
2526,0,0
2527,39,39
2528,0,0
2529,12,12
2530,0,0
2531,28,28
2532,0,0
2533,38,38
2534,0,0
2535,78,78
2536,0,0
2537,59,59
2538,0,0
2539,87,87
2540,0,0
2541,105,105
2542,0,0
2543,20,20
2544,0,0
2545,30,30
2546,0,0
2547,68,68
2548,0,0
2549,60,60
2550,0,0
2551,44,44
2552,0,0
2553,46,46
2554,0,0
2555,56,56
2556,0,0
2557,44,44
2558,0,0
2559,0,109
2560,0,0
2561,84,84
2562,0,0
2563,59,59
2564,0,0
2565,25,25
2566,0,0
2567,0,12
2568,0,0
2569,22,22
2570,0,0
2571,24,24
2572,0,0
2573,22,22
2574,0,0
2575,26,26
2576,0,0
2577,36,36
2578,0,0
2579,34,34
2580,0,0
2581,16,16
2582,0,0
2583,26,26
2584,0,0
2585,56,56
2586,0,0
2587,40,40
2588,0,0
2589,47,47
2590,0,0
2591,33,33
2592,77,0
2593,41,41
2594,0,0
2595,16,16
2596,0,0
2597,38,38
2598,0,0
2599,22,22
2600,0,0
2601,22,22
2602,0,0
2603,51,51
2604,0,0
2605,68,68
2606,0,0
2607,0,46
2608,0,0
2609,172,172
2610,0,0
2611,30,30
2612,0,0
2613,16,16
2614,0,0
2615,0,83
2616,0,0
2617,25,25
2618,0,0
2619,17,17
2620,0,0
2621,38,38
2622,0,0
2623,26,26
2624,0,0
2625,95,95
2626,0,0
2627,151,151
2628,0,0
2629,198,198
2630,147,0
2631,88,88
2632,0,0
2633,60,60
2634,0,0
2635,0,34
2636,0,0
2637,14,14
2638,0,0
2639,0,15
2640,0,0
2641,12,12
2642,0,0
2643,21,21
2644,0,0
2645,26,26
2646,0,0
2647,15,15
2648,0,0
2649,0,26
2650,0,0
2651,11,11
2652,0,0
2653,229,229
2654,0,0
2655,35,25
2656,47,0
2657,0,22
2658,0,0
2659,20,20
2660,0,0
2661,25,25
2662,0,0
2663,17,17
2664,0,0
2665,132,132
2666,0,0
2667,20,20
2668,0,0
2669,9,9
2670,0,0
2671,28,28
2672,0,0
2673,20,20
2674,0,0
2675,24,24
2676,0,0
2677,20,20
2678,0,0
2679,86,86
2680,0,0
2681,19,19
2682,0,0
2683,0,39
2684,0,0
2685,10,10
2686,0,0
2687,38,38
2688,0,0
2689,41,41
2690,0,0
2691,40,34
2692,0,0
2693,0,0
2694,0,145
2695,0,0
2696,0,133
2697,0,0
2698,134,134
2699,0,0
2700,0,136
2701,0,0
2702,0,0
2703,0,0
2704,48,48
2705,0,0
2706,23,23
2707,0,0
2708,60,60
2709,0,0
2710,50,50
2711,0,0
2712,35,35
2713,0,0
2714,29,29
2715,0,0
2716,42,42
2717,0,0
2718,30,30
2719,0,0
2720,54,54
2721,0,0
2722,121,121
2723,0,0
2724,157,157
2725,0,0
2726,33,33
2727,0,0
2728,0,30
2729,0,0
2730,105,105
2731,0,0
2732,17,17
2733,0,0
2734,30,30
2735,28,0
2736,0,0
2737,0,0
2738,0,187
2739,0,0
2740,13,13
2741,0,0
2742,80,80
2743,0,0
2744,9,9
2745,0,0
2746,64,64
2747,0,0
2748,23,23
2749,0,0
2750,0,9
2751,0,0
2752,24,24
2753,0,0
2754,17,17
2755,0,0
2756,95,95
2757,0,0
2758,29,29
2759,0,0
2760,95,95
2761,0,0
2762,0,40
2763,0,0
2764,135,135
2765,0,0
2766,69,69
2767,0,0
2768,0,49
2769,0,0
2770,44,44
2771,0,0
2772,0,105
2773,0,0
2774,25,25
2775,0,0
2776,127,127
2777,0,0
2778,0,0
2779,0,0
2780,47,47
2781,0,0
2782,49,49
2783,0,0
2784,42,42
2785,0,0
2786,45,45
2787,0,0
2788,52,52
2789,0,0
2790,32,32
2791,0,0
2792,109,109
2793,0,0
2794,0,111
2795,0,0
2796,0,45
2797,0,0
2798,0,126
2799,0,0
2800,16,16
2801,0,0
2802,16,16
2803,0,0
2804,0,142
2805,0,0
2806,28,28
2807,0,0
2808,68,68
2809,0,0
2810,34,32
2811,0,0
2812,37,37
2813,0,0
2814,79,79
2815,0,0
2816,124,124
2817,0,0
2818,29,29
2819,0,0
2820,21,21
2821,0,0
2822,45,45
2823,0,0
2824,33,33
2825,0,0
2826,32,32
2827,0,0
2828,13,13
2829,0,0
2830,0,31
2831,0,0
2832,75,75
2833,0,0
2834,84,80
2835,0,0
2836,0,30
2837,0,0
2838,30,30
2839,0,0
2840,199,199
2841,0,0
2842,31,31
2843,0,0
2844,23,23
2845,0,0
2846,45,45
2847,0,0
2848,0,0
2849,0,0
2850,29,29
2851,0,0
2852,153,153
2853,0,0
2854,24,24
2855,0,0
2856,0,38
2857,0,0
2858,0,74
2859,0,0
2860,17,17
2861,0,0
2862,118,118
2863,0,0
2864,25,243
2865,25,0
2866,14,14
2867,0,0
2868,42,42
2869,0,0
2870,36,36
2871,0,0
2872,18,18
2873,0,0
2874,20,20
2875,0,0
2876,25,25
2877,0,0
2878,28,28
2879,0,0
2880,28,28
2881,0,0
2882,28,28
2883,0,0
2884,31,31
2885,0,0
2886,87,87
2887,0,0
2888,0,119
2889,0,0
2890,0,64
2891,0,0
2892,29,29
2893,0,0
2894,92,92
2895,0,0
2896,73,73
2897,0,0
2898,46,46
2899,0,0
2900,67,67
2901,0,0
2902,58,58
2903,0,0
2904,36,36
2905,0,0
2906,44,44
2907,0,0
2908,24,24
2909,0,0
2910,14,14
2911,0,0
2912,21,21
2913,0,0
2914,80,80
2915,0,0
2916,17,17
2917,0,0
2918,16,16
2919,0,0
2920,20,20
2921,0,0
2922,117,117
2923,77,0
2924,0,26
2925,0,0
2926,65,65
2927,0,0
2928,29,29
2929,0,0
2930,43,43
2931,0,0
2932,33,33
2933,0,0
2934,227,227
2935,0,0
2936,33,33
2937,0,0
2938,27,27
2939,0,0
2940,0,0
2941,0,0
2942,0,0
2943,0,0
2944,118,118
2945,0,0
2946,37,37
2947,0,0
2948,64,64
2949,0,0
2950,42,42
2951,0,0
2952,17,17
2953,0,0
2954,75,75
2955,0,0
2956,48,48
2957,0,0
2958,27,27
2959,0,0
2960,0,24
2961,0,0
2962,12,12
2963,0,0
2964,78,78
2965,0,0
2966,0,69
2967,0,0
2968,0,109
2969,0,0
2970,0,0
2971,84,84
2972,0,0
2973,0,205
2974,0,0
2975,64,64
2976,64,0
2977,124,124
2978,0,0
2979,0,107
2980,0,0
2981,61,61
2982,0,0
2983,14,14
2984,0,0
2985,0,104
2986,0,0
2987,0,10
2988,0,0
2989,20,20
2990,0,0
2991,28,28
2992,0,0
2993,0,18
2994,0,0
2995,46,46
2996,0,0
2997,15,15
2998,0,0
2999,80,80
3000,0,0
3001,110,110
3002,0,0
3003,26,26
3004,0,0
3005,29,29
3006,0,0
3007,80,80
3008,0,0
3009,0,42
3010,0,0
3011,222,222
3012,0,0
3013,38,38
3014,0,0
3015,75,75
3016,0,0
3017,51,51
3018,0,0
3019,0,27
3020,0,0
3021,0,31
3022,0,0
3023,26,26
3024,0,0
3025,14,14
3026,0,0
3027,0,31
3028,0,0
3029,0,48
3030,0,0
3031,45,45
3032,0,0
3033,0,22
3034,0,0
3035,52,52
3036,0,0
3037,11,11
3038,0,0
3039,28,28
3040,0,0
3041,29,29
3042,0,0
3043,50,50
3044,0,0
3045,11,11
3046,0,0
3047,0,47
3048,0,0
3049,80,80
3050,0,0
3051,68,68
3052,0,0
3053,15,15
3054,0,0
3055,15,15
3056,0,0
3057,43,45
3058,0,0
3059,15,15
3060,0,0
3061,94,94
3062,0,0
3063,29,29
3064,0,0
3065,45,45
3066,0,0
3067,10,10
3068,0,0
3069,16,16
3070,0,0
3071,56,56
3072,0,0
3073,15,15
3074,0,0
3075,29,29
3076,0,0
3077,90,90
3078,0,0
3079,26,26
3080,0,0
3081,71,71
3082,0,0
3083,64,64
3084,0,0
3085,73,73
3086,0,0
3087,9,9
3088,0,0
3089,0,10
3090,0,0
3091,12,12
3092,0,0
3093,137,137
3094,0,0
3095,12,12
3096,0,0
3097,97,97
3098,0,0
3099,48,48
3100,0,0
3101,70,70
3102,0,0
3103,70,70
3104,0,0
3105,25,25
3106,0,0
3107,20,20
3108,0,0
3109,17,17
3110,0,0
3111,0,21
3112,0,0
3113,139,139
3114,0,0
3115,0,167
3116,0,0
3117,54,54
3118,0,0
3119,31,31
3120,0,0
3121,52,52
3122,0,0
3123,60,60
3124,0,0
3125,128,128
3126,0,0
3127,131,131
3128,0,0
3129,0,192
3130,0,0
3131,169,44
3132,169,0
3133,59,59
3134,0,0
3135,10,10
3136,0,0
3137,28,28
3138,0,0
3139,36,36
3140,0,0
3141,0,28
3142,0,0
3143,94,94
3144,0,0
3145,73,73
3146,0,0
3147,47,47
3148,0,0
3149,11,11
3150,0,0
3151,0,40
3152,0,0
3153,54,54
3154,0,0
3155,22,22
3156,0,0
3157,25,25
3158,0,0
3159,16,16
3160,0,0
3161,29,29
3162,0,0
3163,38,38
3164,0,0
3165,26,26
3166,0,0
3167,0,61
3168,0,0
3169,0,0
3170,26,26
3171,0,0
3172,0,71
3173,0,0
3174,0,45
3175,0,0
3176,28,28
3177,0,0
3178,40,40
3179,0,0
3180,0,51
3181,0,0
3182,144,144
3183,0,0
3184,46,46
3185,0,0
3186,63,63
3187,0,0
3188,104,104
3189,0,0
3190,172,172
3191,0,0
3192,145,145
3193,0,0
3194,37,37
3195,0,0
3196,13,13
3197,0,0
3198,91,91
3199,42,0
3200,23,23
3201,0,0
3202,17,17
3203,0,0
3204,17,17
3205,0,0
3206,193,193
3207,0,0
3208,116,116
3209,0,0
3210,121,121
3211,0,0
3212,73,73
3213,0,0
3214,54,54
3215,0,0
3216,55,55
3217,0,0
3218,44,44
3219,0,0
3220,184,184
3221,0,0
3222,0,105
3223,0,0
3224,83,83
3225,0,0
3226,44,44
3227,0,0
3228,97,97
3229,0,0
3230,0,51
3231,0,0
3232,181,181
3233,0,0
3234,106,106
3235,0,0
3236,12,12
3237,0,0
3238,22,22
3239,0,0
3240,36,36
3241,0,0
3242,24,24
3243,0,0
3244,108,108
3245,0,0
3246,25,25
3247,0,0
3248,13,13
3249,0,0
3250,14,14
3251,0,0
3252,0,24
3253,0,0
3254,14,14
3255,0,0
3256,0,175
3257,0,0
3258,0,35
3259,0,0
3260,37,37
3261,0,0
3262,0,24
3263,0,0
3264,0,20
3265,0,0
3266,37,37
3267,0,0
3268,35,35
3269,0,0
3270,189,189
3271,0,0
3272,23,23
3273,0,0
3274,62,62
3275,0,0
3276,0,103
3277,0,0
3278,10,10
3279,0,0
3280,43,43
3281,0,0
3282,54,54
3283,0,0
3284,39,39
3285,0,0
3286,44,44
3287,0,0
3288,17,17
3289,0,0
3290,0,8
3291,0,0
3292,246,246
3293,0,0
3294,197,197
3295,0,0
3296,42,42
3297,0,0
3298,39,39
3299,66,0
3300,0,84
3301,0,0
3302,133,133
3303,0,0
3304,17,17
3305,0,0
3306,15,15
3307,0,0
3308,0,74
3309,0,0
3310,83,83
3311,0,0
3312,85,85
3313,0,0
3314,17,17
3315,0,0
3316,29,29
3317,0,0
3318,54,54
3319,0,0
3320,88,88
3321,0,0
3322,71,71
3323,0,0
3324,30,30
3325,0,0
3326,91,91
3327,0,0
3328,145,145
3329,0,0
3330,72,72
3331,0,0
3332,16,16
3333,0,0
3334,30,30
3335,0,0
3336,58,58
3337,0,0
3338,119,119
3339,0,0
3340,0,17
3341,0,0
3342,141,141
3343,0,0
3344,38,38
3345,0,0
3346,0,55
3347,0,0
3348,42,42
3349,0,0
3350,20,20
3351,0,0
3352,13,13
3353,0,0
3354,26,26
3355,0,0
3356,47,47
3357,0,0
3358,31,31
3359,0,0
3360,59,59
3361,0,0
3362,56,56
3363,0,0
3364,21,21
3365,0,0
3366,17,17
3367,0,0
3368,104,104
3369,0,0
3370,0,67
3371,0,0
3372,31,31
3373,0,0
3374,0,71
3375,0,0
3376,105,105
3377,0,0
3378,31,31
3379,0,0
3380,29,29
3381,0,0
3382,40,40
3383,0,0
3384,0,106
3385,0,0
3386,20,20
3387,0,0
3388,42,42
3389,0,0
3390,84,84
3391,0,0
3392,215,215
3393,0,0
3394,44,44
3395,0,0
3396,78,78
3397,0,0
3398,41,41
3399,0,0
3400,61,61
3401,0,0
3402,0,217
3403,0,0
3404,66,76
3405,0,0
3406,22,22
3407,0,0
3408,46,46
3409,0,0
3410,17,17
3411,0,0
3412,32,32
3413,0,0
3414,65,65
3415,0,0
3416,16,16
3417,0,0
3418,0,36
3419,0,0
3420,14,14
3421,0,0
3422,24,24
3423,0,0
3424,32,32
3425,0,0
3426,0,18
3427,0,0
3428,20,20
3429,0,0
3430,182,182
3431,0,0
3432,108,108
3433,0,0
3434,25,25
3435,0,0
3436,28,28
3437,0,0
3438,0,272
3439,0,0
3440,0,173
3441,0,0
3442,64,64
3443,0,0
3444,0,0
3445,0,43
3446,0,0
3447,83,77
3448,0,0
3449,0,102
3450,0,0
3451,43,41
3452,0,0
3453,95,95
3454,0,0
3455,77,77
3456,0,0
3457,0,178
3458,0,0
3459,76,76
3460,0,0
3461,77,77
3462,0,0
3463,102,102
3464,0,0
3465,70,70
3466,0,0
3467,88,88
3468,0,0
3469,0,47
3470,0,0
3471,45,45
3472,56,0
3473,142,142
3474,0,0
3475,121,121
3476,0,0
3477,12,12
3478,0,0
3479,68,68
3480,0,0
3481,45,45
3482,0,0
3483,166,166
3484,0,0
3485,213,213
3486,142,0
3487,95,95
3488,0,0
3489,57,57
3490,0,0
3491,44,44
3492,0,0
3493,0,43
3494,43,0
3495,34,34
3496,0,0
3497,42,42
3498,0,0
3499,28,28
3500,0,0
3501,0,76
3502,0,0
3503,37,37
3504,0,0
3505,83,83
3506,0,0
3507,0,107
3508,0,0
3509,0,98
3510,0,0
3511,33,33
3512,0,0
3513,55,36
3514,15,0
3515,0,44
3516,0,0
3517,0,70
3518,0,0
3519,0,57
3520,0,0
3521,17,17
3522,0,0
3523,27,27
3524,0,0
3525,34,34
3526,0,0
3527,18,18
3528,0,0
3529,61,61
3530,0,0
3531,0,205
3532,0,0
3533,13,13
3534,0,0
3535,27,27
3536,0,0
3537,0,0
3538,77,77
3539,0,0
3540,0,0
3541,0,0
3542,51,51
3543,0,0
3544,27,27
3545,0,0
3546,19,19
3547,0,0
3548,14,14
3549,0,0
3550,14,14
3551,0,0
3552,26,26
3553,0,0
3554,57,57
3555,0,0
3556,18,18
3557,0,0
3558,18,18
3559,0,0
3560,27,27
3561,0,0
3562,15,9
3563,0,0
3564,18,18
3565,0,0
3566,15,15
3567,0,0
3568,38,38
3569,0,0
3570,31,31
3571,0,0
3572,13,13
3573,0,0
3574,18,18
3575,0,0
3576,17,17
3577,0,0
3578,17,17
3579,0,0
3580,44,18
3581,18,0
3582,22,22
3583,0,0
3584,19,19
3585,0,0
3586,45,45
3587,0,0
3588,19,19
3589,0,0
3590,72,72
3591,0,0
3592,19,19
3593,0,0
3594,0,59
3595,0,0
3596,0,62
3597,0,0
3598,0,218
3599,0,0
3600,0,13
3601,0,0
3602,11,11
3603,0,0
3604,24,24
3605,0,0
3606,0,41
3607,0,0
3608,17,17
3609,0,0
3610,48,48
3611,0,0
3612,19,19
3613,0,0
3614,93,93
3615,0,0
3616,29,31
3617,0,0
3618,60,60
3619,0,0
3620,0,153
3621,0,0
3622,39,39
3623,0,0
3624,122,122
3625,0,0
3626,65,65
3627,0,0
3628,71,71
3629,0,0
3630,0,206
3631,0,0
3632,51,51
3633,0,0
3634,198,198
3635,56,0
3636,25,25
3637,0,0
3638,277,277
3639,0,0
3640,81,81
3641,0,0
3642,48,48
3643,0,0
3644,47,47
3645,0,0
3646,0,0
3647,0,0
3648,66,68
3649,0,0
3650,94,94
3651,0,0
3652,90,90
3653,0,0
3654,29,29
3655,0,0
3656,72,72
3657,0,0
3658,30,30
3659,0,0
3660,119,119
3661,0,0
3662,20,20
3663,0,0
3664,45,45
3665,0,0
3666,16,16
3667,0,0
3668,0,9
3669,0,0
3670,23,23
3671,0,0
3672,0,108
3673,0,0
3674,0,236
3675,0,0
3676,37,37
3677,0,0
3678,15,15
3679,0,0
3680,24,24
3681,0,0
3682,0,114
3683,0,0
3684,45,45
3685,0,0
3686,0,17
3687,0,0
3688,0,112
3689,0,0
3690,69,69
3691,0,0
3692,0,71
3693,0,0
3694,16,16
3695,0,0
3696,18,18
3697,0,0
3698,23,23
3699,0,0
3700,35,35
3701,0,0
3702,54,54
3703,0,0
3704,133,133
3705,0,0
3706,85,85
3707,0,0
3708,98,98
3709,0,0
3710,0,32
3711,32,0
3712,41,41
3713,0,0
3714,49,49
3715,0,0
3716,20,20
3717,0,0
3718,33,49
3719,0,0
3720,0,0
3721,0,0
3722,52,52
3723,0,0
3724,0,0
3725,0,0
3726,21,21
3727,0,0
3728,80,80
3729,0,0
3730,145,145
3731,0,0
3732,59,59
3733,0,0
3734,45,45
3735,0,0
3736,21,21
3737,0,0
3738,145,145
3739,0,0
3740,109,109
3741,0,0
3742,18,18
3743,0,0
3744,101,101
3745,0,0
3746,26,26
3747,0,0
3748,0,53
3749,0,0
3750,177,177
3751,0,0
3752,84,84
3753,0,0
3754,64,64
3755,0,0
3756,41,41
3757,0,0
3758,0,0
3759,20,20
3760,0,0
3761,0,27
3762,0,0
3763,38,38
3764,0,0
3765,23,23
3766,34,0
3767,33,33
3768,0,0
3769,79,79
3770,0,0
3771,0,22
3772,0,0
3773,0,21
3774,0,0
3775,21,21
3776,0,0
3777,0,127
3778,0,0
3779,113,113
3780,0,0
3781,16,16
3782,0,0
3783,25,25
3784,0,0
3785,16,16
3786,0,0
3787,77,77
3788,0,0
3789,15,15
3790,0,0
3791,82,82
3792,0,0
3793,0,85
3794,0,0
3795,30,30
3796,0,0
3797,0,107
3798,0,0
3799,61,61
3800,61,0
3801,30,30
3802,0,0
3803,77,77
3804,0,0
3805,33,33
3806,0,0
3807,9,9
3808,0,0
3809,22,22
3810,0,0
3811,55,55
3812,0,0
3813,33,33
3814,0,0
3815,0,0
3816,0,0
3817,89,89
3818,0,0
3819,15,15
3820,0,0
3821,19,19
3822,0,0
3823,30,30
3824,0,0
3825,37,37
3826,0,0
3827,16,16
3828,0,0
3829,0,0
3830,25,21
3831,0,0
3832,28,28
3833,0,0
3834,0,31
3835,0,0
3836,40,40
3837,0,0
3838,24,24
3839,0,0
3840,9,9
3841,0,0
3842,62,62
3843,0,0
3844,20,20
3845,0,0
3846,65,65
3847,0,0
3848,0,11
3849,0,0
3850,50,50
3851,0,0
3852,15,15
3853,0,0
3854,53,53
3855,0,0
3856,0,49
3857,0,0
3858,19,19
3859,0,0
3860,42,42
3861,0,0
3862,40,40
3863,0,0
3864,30,30
3865,0,0
3866,43,43
3867,0,0
3868,153,153
3869,0,0
3870,21,21
3871,0,0
3872,95,95
3873,0,0
3874,124,124
3875,0,0
3876,114,114
3877,0,0
3878,15,15
3879,0,0
3880,38,38
3881,0,0
3882,40,40
3883,0,0
3884,40,40
3885,0,0
3886,0,186
3887,0,0
3888,93,93
3889,0,0
3890,0,52
3891,0,0
3892,49,49
3893,0,0
3894,19,19
3895,0,0
3896,86,86
3897,0,0
3898,13,13
3899,0,0
3900,127,127
3901,0,0
3902,39,39
3903,0,0
3904,23,23
3905,0,0
3906,49,49
3907,0,0
3908,9,9
3909,0,0
3910,15,15
3911,0,0
3912,73,73
3913,0,0
3914,104,104
3915,0,0
3916,29,29
3917,0,0
3918,0,0
3919,54,54
3920,0,0
3921,104,104
3922,0,0
3923,21,21
3924,0,0
3925,20,20
3926,0,0
3927,26,26
3928,0,0
3929,28,28
3930,0,0
3931,17,17
3932,0,0
3933,13,13
3934,0,0
3935,13,13
3936,0,0
3937,70,70
3938,0,0
3939,23,23
3940,0,0
3941,32,32
3942,0,0
3943,105,105
3944,0,0
3945,29,29
3946,0,0
3947,53,53
3948,0,0
3949,0,0
3950,115,115
3951,0,0
3952,38,38
3953,0,0
3954,59,59
3955,0,0
3956,45,94
3957,45,0
3958,36,36
3959,0,0
3960,88,88
3961,0,0
3962,69,69
3963,0,0
3964,54,54
3965,0,0
3966,38,38
3967,0,0
3968,23,23
3969,0,0
3970,136,136
3971,0,0
3972,21,21
3973,0,0
3974,59,59
3975,0,0
3976,18,18
3977,0,0
3978,76,76
3979,0,0
3980,40,40
3981,0,0
3982,25,25
3983,0,0
3984,23,23
3985,0,0
3986,99,99
3987,0,0
3988,55,55
3989,0,0
3990,21,21
3991,0,0
3992,17,17
3993,0,0
3994,13,13
3995,0,0
3996,115,115
3997,0,0
3998,0,0
3999,0,0
4000,146,146
4001,0,0
4002,0,0
4003,0,0
4004,18,18
4005,0,0
4006,101,101
4007,0,0
4008,29,29
4009,0,0
4010,29,29
4011,0,0
4012,34,34
4013,0,0
4014,15,15
4015,0,0
4016,22,22
4017,0,0
4018,9,9
4019,0,0
4020,22,22
4021,0,0
4022,9,9
4023,0,0
4024,15,15
4025,0,0
4026,18,18
4027,0,0
4028,9,9
4029,0,0
4030,22,22
4031,0,0
4032,15,15
4033,0,0
4034,9,9
4035,0,0
4036,22,22
4037,0,0
4038,0,0
4039,0,0
4040,134,134
4041,0,0
4042,13,9
4043,0,0
4044,156,0
4045,0,15
4046,0,0
4047,51,51
4048,0,0
4049,0,0
4050,13,13
4051,0,0
4052,113,113
4053,0,0
4054,37,37
4055,0,0
4056,157,125
4057,0,0
4058,0,13
4059,0,0
4060,9,9
4061,0,0
4062,93,93
4063,0,0
4064,0,20
4065,0,0
4066,89,89
4067,0,0
4068,94,94
4069,0,0
4070,0,20
4071,0,0
4072,0,20
4073,0,0
4074,0,28
4075,0,0
4076,14,14
4077,0,0
4078,0,60
4079,0,0
4080,0,0
4081,0,0
4082,95,95
4083,0,0
4084,289,289
4085,0,0
4086,140,140
4087,0,0
4088,97,97
4089,0,0
4090,107,107
4091,0,0
4092,65,65
4093,0,0
4094,197,197
4095,0,0
4096,174,174
4097,0,0
4098,38,38
4099,0,0
4100,61,61
4101,0,0
4102,46,46
4103,0,0
4104,38,38
4105,0,0
4106,32,32
4107,0,0
4108,25,25
4109,0,0
4110,25,21
4111,0,0
4112,25,25
4113,0,0
4114,25,21
4115,0,0
4116,21,21
4117,0,0
4118,25,25
4119,0,0
4120,25,25
4121,0,0
4122,21,21
4123,0,0
4124,25,25
4125,0,0
4126,25,25
4127,0,0
4128,25,25
4129,0,0
4130,25,21
4131,0,0
4132,21,21
4133,0,0
4134,42,42
4135,0,0
4136,33,33
4137,0,0
4138,11,11
4139,0,0
4140,14,14
4141,0,0
4142,21,21
4143,0,0
4144,39,39
4145,0,0
4146,16,14
4147,0,0
4148,0,20
4149,0,0
4150,37,61
4151,0,0
4152,12,12
4153,0,0
4154,27,27
4155,0,0
4156,19,19
4157,0,0
4158,17,17
4159,0,0
4160,14,14
4161,0,0
4162,19,19
4163,0,0
4164,19,19
4165,0,0
4166,16,16
4167,0,0
4168,14,14
4169,0,0
4170,26,26
4171,0,0
4172,177,177
4173,0,0
4174,0,28
4175,0,0
4176,124,124
4177,0,0
4178,21,21
4179,0,0
4180,25,25
4181,0,0
4182,25,25
4183,0,0
4184,25,25
4185,0,0
4186,21,21
4187,0,0
4188,25,21
4189,0,0
4190,21,21
4191,0,0
4192,25,21
4193,0,0
4194,79,79
4195,0,0
4196,0,20
4197,0,0
4198,35,35
4199,0,0
4200,104,104
4201,0,0
4202,14,14
4203,0,0
4204,0,44
4205,0,0
4206,30,30
4207,0,0
4208,84,84
4209,0,0
4210,48,48
4211,0,0
4212,37,22
4213,0,0
4214,59,59
4215,0,0
4216,0,19
4217,0,0
4218,29,29
4219,0,0
4220,12,12
4221,0,0
4222,25,25
4223,0,0
4224,33,33
4225,0,0
4226,26,26
4227,0,0
4228,27,27
4229,0,0
4230,30,30
4231,0,0
4232,51,51
4233,0,0
4234,15,15
4235,0,0
4236,39,39
4237,0,0
4238,26,26
4239,0,0
4240,0,0
4241,18,18
4242,0,0
4243,9,9
4244,0,0
4245,15,15
4246,0,0
4247,102,102
4248,0,0
4249,20,20
4250,0,0
4251,0,219
4252,0,0
4253,16,16
4254,0,0
4255,18,18
4256,0,0
4257,28,28
4258,0,0
4259,175,175
4260,0,0
4261,0,0
4262,0,0
4263,74,74
4264,0,0
4265,178,178
4266,0,0
4267,23,23
4268,0,0
4269,0,0
4270,0,0
4271,22,22
4272,0,0
4273,28,28
4274,0,0
4275,28,28
4276,0,0
4277,20,20
4278,0,0
4279,234,234
4280,0,0
4281,59,59
4282,0,0
4283,37,29
4284,0,0
4285,22,22
4286,0,0
4287,41,41
4288,0,0
4289,19,19
4290,0,0
4291,0,62
4292,0,0
4293,11,11
4294,0,0
4295,10,10
4296,0,0
4297,14,14
4298,0,0
4299,9,9
4300,0,0
4301,14,14
4302,0,0
4303,63,63
4304,0,0
4305,60,60
4306,0,0
4307,0,29
4308,0,0
4309,34,34
4310,0,0
4311,151,151
4312,0,0
4313,26,26
4314,0,0
4315,0,248
4316,0,0
4317,88,88
4318,0,0
4319,95,89
4320,0,0
4321,52,64
4322,52,0
4323,14,11
4324,0,0
4325,27,27
4326,0,0
4327,28,28
4328,0,0
4329,42,42
4330,0,0
4331,0,58
4332,0,0
4333,173,173
4334,0,0
4335,61,61
4336,0,0
4337,38,38
4338,0,0
4339,0,57
4340,0,0
4341,70,70
4342,0,0
4343,83,83
4344,0,0
4345,28,24
4346,0,0
4347,50,50
4348,0,0
4349,21,21
4350,0,0
4351,35,35
4352,0,0
4353,42,42
4354,0,0
4355,35,35
4356,0,0
4357,119,119
4358,0,0
4359,21,21
4360,0,0
4361,23,23
4362,0,0
4363,65,65
4364,0,0
4365,26,26
4366,0,0
4367,27,27
4368,0,0
4369,14,14
4370,0,0
4371,79,79
4372,0,0
4373,11,11
4374,0,0
4375,112,112
4376,0,0
4377,145,145
4378,0,0
4379,102,102
4380,0,0
4381,40,40
4382,0,0
4383,12,12
4384,0,0
4385,188,188
4386,0,0
4387,48,48
4388,0,0
4389,69,69
4390,0,0
4391,34,34
4392,0,0
4393,40,40
4394,0,0
4395,0,29
4396,0,0
4397,0,18
4398,0,0
4399,58,58
4400,0,0
4401,46,46
4402,0,0
4403,0,40
4404,0,0
4405,0,0
4406,19,23
4407,0,0
4408,0,0
4409,0,0
4410,0,0
4411,42,42
4412,37,0
4413,16,16
4414,0,0
4415,56,56
4416,0,0
4417,29,29
4418,0,0
4419,0,17
4420,0,0
4421,28,28
4422,0,0
4423,67,67
4424,0,0
4425,25,25
4426,0,0
4427,30,30
4428,0,0
4429,19,19
4430,0,0
4431,26,26
4432,0,0
4433,37,37
4434,0,0
4435,31,31
4436,0,0
4437,19,19
4438,0,0
4439,34,34
4440,0,0
4441,32,32
4442,0,0
4443,28,28
4444,0,0
4445,14,14
4446,0,0
4447,17,17
4448,0,0
4449,0,26
4450,0,0
4451,15,15
4452,0,0
4453,25,25
4454,0,0
4455,13,13
4456,0,0
4457,9,9
4458,0,0
4459,27,27
4460,0,0
4461,58,58
4462,0,0
4463,101,101
4464,0,0
4465,18,18
4466,0,0
4467,18,18
4468,0,0
4469,18,18
4470,0,0
4471,61,61
4472,0,0
4473,113,113
4474,0,0
4475,0,181
4476,0,0
4477,13,13
4478,0,0
4479,11,11
4480,0,0
4481,0,23
4482,0,0
4483,26,26
4484,0,0
4485,89,89
4486,0,0
4487,66,66
4488,100,0
4489,71,71
4490,0,0
4491,61,61
4492,0,0
4493,53,53
4494,0,0
4495,138,138
4496,0,0
4497,23,23
4498,0,0
4499,45,45
4500,0,0
4501,86,86
4502,0,0
4503,70,70
4504,0,0
4505,0,66
4506,0,0
4507,19,19
4508,0,0
4509,83,83
4510,0,0
4511,72,72
4512,0,0
4513,78,78
4514,0,0
4515,160,160
4516,0,0
4517,18,18
4518,0,0
4519,44,44
4520,0,0
4521,19,19
4522,0,0
4523,53,53
4524,0,0
4525,121,121
4526,0,0
4527,0,32
4528,0,0
4529,19,19
4530,0,0
4531,28,28
4532,0,0
4533,45,45
4534,0,0
4535,21,21
4536,0,0
4537,89,89
4538,0,0
4539,33,33
4540,0,0
4541,10,10
4542,0,0
4543,107,107
4544,0,0
4545,116,116
4546,0,0
4547,65,65
4548,0,0
4549,38,13
4550,0,0
4551,67,67
4552,0,0
4553,16,16
4554,0,0
4555,27,27
4556,0,0
4557,16,16
4558,0,0
4559,15,15
4560,0,0
4561,0,48
4562,0,0
4563,52,52
4564,0,0
4565,40,40
4566,0,0
4567,159,159
4568,0,0
4569,60,60
4570,0,0
4571,70,70
4572,0,0
4573,94,94
4574,0,0
4575,60,60
4576,0,0
4577,84,84
4578,0,0
4579,53,53
4580,0,0
4581,43,43
4582,0,0
4583,71,71
4584,0,0
4585,80,80
4586,0,0
4587,23,23
4588,0,0
4589,27,27
4590,0,0
4591,93,93
4592,0,0
4593,0,67
4594,0,0
4595,150,150
4596,0,0
4597,60,60
4598,0,0
4599,25,21
4600,0,0
4601,15,15
4602,0,0
4603,10,10
4604,0,0
4605,44,44
4606,0,0
4607,24,24
4608,0,0
4609,97,97
4610,0,0
4611,18,27
4612,0,0
4613,19,15
4614,0,0
4615,19,15
4616,0,0
4617,122,122
4618,0,0
4619,0,0
4620,207,207
4621,0,0
4622,97,97
4623,0,0
4624,27,27
4625,0,0
4626,29,29
4627,0,0
4628,201,201
4629,0,0
4630,10,10
4631,0,0
4632,0,43
4633,0,0
4634,0,68
4635,0,0
4636,90,90
4637,0,0
4638,17,17
4639,0,0
4640,24,24
4641,0,0
4642,85,85
4643,0,0
4644,35,35
4645,0,0
4646,0,61
4647,0,0
4648,16,16
4649,0,0
4650,76,76
4651,0,0
4652,94,94
4653,0,0
4654,67,67
4655,0,0
4656,66,66
4657,0,0
4658,32,32
4659,0,0
4660,0,13
4661,0,0
4662,19,19
4663,0,0
4664,23,23
4665,0,0
4666,72,72
4667,0,0
4668,44,44
4669,0,0
4670,66,66
4671,0,0
4672,16,16
4673,0,0
4674,191,191
4675,0,0
4676,0,0
4677,0,0
4678,0,36
4679,0,0
4680,60,60
4681,0,0
4682,38,38
4683,0,0
4684,15,15
4685,0,0
4686,48,48
4687,0,0
4688,165,165
4689,0,0
4690,79,79
4691,0,0
4692,111,111
4693,0,0
4694,56,56
4695,0,0
4696,23,23
4697,0,0
4698,40,40
4699,0,0
4700,130,130
4701,0,0
4702,29,29
4703,0,0
4704,20,20
4705,0,0
4706,24,24
4707,0,0
4708,24,24
4709,0,0
4710,0,0
4711,197,197
4712,0,0
4713,145,145
4714,0,0
4715,23,23
4716,0,0
4717,16,16
4718,0,0
4719,60,60
4720,0,0
4721,24,24
4722,0,0
4723,124,124
4724,0,0
4725,40,40
4726,0,0
4727,0,108
4728,0,0
4729,0,94
4730,0,0
4731,16,16
4732,0,0
4733,0,47
4734,0,0
4735,33,33
4736,0,0
4737,39,39
4738,0,0
4739,0,36
4740,0,0
4741,52,52
4742,0,0
4743,0,34
4744,0,0
4745,138,138
4746,0,0
4747,68,68
4748,0,0
4749,67,67
4750,0,0
4751,81,81
4752,0,0
4753,15,15
4754,0,0
4755,64,64
4756,0,0
4757,0,28
4758,0,0
4759,0,118
4760,0,0
4761,37,37
4762,0,0
4763,24,24
4764,0,0
4765,14,14
4766,0,0
4767,0,21
4768,0,0
4769,0,0
4770,14,14
4771,0,0
4772,48,48
4773,0,0
4774,21,21
4775,0,0
4776,76,76
4777,0,0
4778,17,17
4779,0,0
4780,18,18
4781,0,0
4782,30,30
4783,0,0
4784,25,25
4785,0,0
4786,40,40
4787,0,0
4788,147,147
4789,0,0
4790,35,35
4791,0,0
4792,55,55
4793,0,0
4794,99,99
4795,0,0
4796,70,70
4797,0,0
4798,15,15
4799,0,0
4800,32,32
4801,0,0
4802,43,43
4803,0,0
4804,39,39
4805,0,0
4806,184,184
4807,0,0
4808,81,81
4809,0,0
4810,178,178
4811,0,0
4812,33,33
4813,0,0
4814,13,13
4815,219,0
4816,276,276
4817,0,0
4818,20,20
4819,0,0
4820,25,25
4821,0,0
4822,18,18
4823,0,0
4824,0,0
4825,57,57
4826,0,0
4827,13,13
4828,0,0
4829,90,90
4830,0,0
4831,0,11
4832,0,0
4833,30,30
4834,0,0
4835,68,68
4836,0,0
4837,0,0
4838,0,0
4839,131,131
4840,0,0
4841,0,40
4842,0,0
4843,50,50
4844,0,0
4845,96,96
4846,0,0
4847,34,34
4848,0,0
4849,13,13
4850,0,0
4851,13,13
4852,0,0
4853,18,18
4854,0,0
4855,28,28
4856,0,0
4857,49,49
4858,0,0
4859,56,56
4860,0,0
4861,13,13
4862,0,0
4863,90,90
4864,0,0
4865,143,143
4866,0,0
4867,19,19
4868,0,0
4869,28,28
4870,0,0
4871,0,185
4872,0,0
4873,0,67
4874,0,0
4875,31,31
4876,0,0
4877,49,49
4878,0,0
4879,57,57
4880,0,0
4881,47,47
4882,0,0
4883,0,23
4884,0,0
4885,33,33
4886,0,0
4887,42,42
4888,0,0
4889,60,60
4890,0,0
4891,157,157
4892,0,0
4893,107,107
4894,0,0
4895,176,176
4896,0,0
4897,157,157
4898,0,0
4899,20,20
4900,0,0
4901,65,65
4902,0,0
4903,0,159
4904,0,0
4905,0,77
4906,0,0
4907,17,17
4908,0,0
4909,9,9
4910,0,0
4911,17,17
4912,0,0
4913,15,15
4914,0,0
4915,63,63
4916,0,0
4917,31,31
4918,0,0
4919,21,10
4920,0,0
4921,21,10
4922,0,0
4923,12,12
4924,0,0
4925,33,33
4926,0,0
4927,12,12
4928,0,0
4929,33,33
4930,0,0
4931,33,33
4932,20,0
4933,33,33
4934,0,0
4935,33,24
4936,0,0
4937,24,24
4938,0,0
4939,10,10
4940,0,0
4941,11,11
4942,0,0
4943,0,0
4944,36,36
4945,0,0
4946,25,25
4947,0,0
4948,17,13
4949,0,0
4950,25,25
4951,0,0
4952,56,56
4953,0,0
4954,15,15
4955,0,0
4956,0,0
4957,20,23
4958,0,0
4959,10,10
4960,0,0
4961,12,12
4962,0,0
4963,12,12
4964,0,0
4965,12,12
4966,0,0
4967,12,12
4968,0,0
4969,0,127
4970,0,0
4971,89,89
4972,0,0
4973,23,23
4974,0,0
4975,23,23
4976,0,0
4977,45,45
4978,0,0
4979,11,11
4980,0,0
4981,130,130
4982,0,0
4983,56,56
4984,0,0
4985,102,102
4986,0,0
4987,15,15
4988,0,0
4989,48,48
4990,0,0
4991,13,13
4992,0,0
4993,45,41
4994,0,0
4995,21,21
4996,15,0
4997,0,48
4998,0,0
4999,0,42
5000,0,0
5001,0,45
5002,0,0
5003,30,30
5004,0,0
5005,17,17
5006,0,0
5007,70,70
5008,0,0
5009,0,68
5010,0,0
5011,19,19
5012,0,0
5013,11,11
5014,0,0
5015,18,18
5016,0,0
5017,13,13
5018,0,0
5019,18,18
5020,0,0
5021,11,11
5022,0,0
5023,31,31
5024,0,0
5025,37,37
5026,0,0
5027,44,44
5028,0,0
5029,30,30
5030,0,0
5031,14,14
5032,0,0
5033,17,17
5034,0,0
5035,18,18
5036,0,0
5037,0,42
5038,67,0
5039,36,36
5040,0,0
5041,16,16
5042,0,0
5043,0,12
5044,0,0
5045,12,12
5046,0,0
5047,0,12
5048,12,0
5049,0,12
5050,12,0
5051,18,18
5052,0,0
5053,18,18
5054,0,0
5055,0,12
5056,12,0
5057,20,16
5058,0,0
5059,20,20
5060,0,0
5061,21,10
5062,0,0
5063,21,10
5064,0,0
5065,10,10
5066,0,0
5067,0,13
5068,0,0
5069,21,10
5070,0,0
5071,21,10
5072,0,0
5073,13,13
5074,0,0
5075,0,0
5076,34,34
5077,0,0
5078,30,30
5079,0,0
5080,34,34
5081,0,0
5082,34,30
5083,0,0
5084,236,236
5085,0,0
5086,31,31
5087,0,0
5088,27,27
5089,0,0
5090,41,41
5091,0,0
5092,155,159
5093,0,0
5094,210,210
5095,0,0
5096,0,0
5097,0,0
5098,32,32
5099,0,0
5100,0,60
5101,0,0
5102,73,73
5103,0,0
5104,99,99
5105,0,0
5106,20,20
5107,0,0
5108,43,43
5109,0,0
5110,79,79
5111,0,0
5112,28,28
5113,0,0
5114,53,53
5115,0,0
5116,35,35
5117,0,0
5118,39,39
5119,0,0
5120,36,36
5121,0,0
5122,30,30
5123,0,0
5124,0,24
5125,0,0
5126,13,13
5127,0,0
5128,25,25
5129,0,0
5130,13,9
5131,0,0
5132,16,16
5133,0,0
5134,15,9
5135,0,0
5136,24,24
5137,0,0
5138,24,24
5139,0,0
5140,15,15
5141,0,0
5142,146,146
5143,0,0
5144,75,75
5145,0,0
5146,82,82
5147,0,0
5148,17,17
5149,0,0
5150,54,54
5151,0,0
5152,13,13
5153,0,0
5154,0,0
5155,17,17
5156,0,0
5157,0,55
5158,0,0
5159,28,28
5160,0,0
5161,0,0
5162,25,25
5163,0,0
5164,17,17
5165,0,0
5166,13,13
5167,0,0
5168,0,35
5169,0,0
5170,43,35
5171,0,0
5172,72,72
5173,0,0
5174,114,114
5175,0,0
5176,55,76
5177,0,0
5178,42,42
5179,0,0
5180,34,34
5181,0,0
5182,0,0
5183,0,0
5184,27,27
5185,0,0
5186,29,29
5187,0,0
5188,170,80
5189,170,0
5190,17,17
5191,0,0
5192,16,16
5193,0,0
5194,16,16
5195,0,0
5196,0,0
5197,18,18
5198,0,0
5199,18,18
5200,0,0
5201,18,18
5202,0,0
5203,18,18
5204,0,0
5205,18,18
5206,0,0
5207,18,18
5208,0,0
5209,20,20
5210,0,0
5211,18,18
5212,0,0
5213,18,18
5214,0,0
5215,18,18
5216,0,0
5217,20,20
5218,0,0
5219,18,18
5220,0,0
5221,18,18
5222,0,0
5223,15,15
5224,0,0
5225,18,18
5226,0,0
5227,21,21
5228,0,0
5229,23,23
5230,0,0
5231,15,15
5232,0,0
5233,25,25
5234,0,0
5235,40,40
5236,0,0
5237,40,40
5238,0,0
5239,13,13
5240,0,0
5241,136,136
5242,0,0
5243,244,244
5244,0,0
5245,67,67
5246,0,0
5247,21,21
5248,0,0
5249,0,146
5250,0,0
5251,21,21
5252,0,0
5253,40,40
5254,0,0
5255,48,48
5256,0,0
5257,19,19
5258,0,0
5259,21,21
5260,0,0
5261,125,125
5262,0,0
5263,52,52
5264,0,0
5265,24,24
5266,0,0
5267,212,212
5268,0,0
5269,21,21
5270,0,0
5271,20,20
5272,0,0
5273,37,37
5274,0,0
5275,37,37
5276,0,0
5277,21,21
5278,0,0
5279,24,24
5280,0,0
5281,72,72
5282,0,0
5283,111,111
5284,0,0
5285,0,24
5286,0,0
5287,0,51
5288,0,0
5289,127,92
5290,127,0
5291,0,104
5292,0,0
5293,97,97
5294,0,0
5295,111,111
5296,0,0
5297,0,165
5298,0,0
5299,82,82
5300,0,0
5301,115,115
5302,0,0
5303,86,86
5304,0,0
5305,47,47
5306,0,0
5307,21,21
5308,0,0
5309,68,68
5310,0,0
5311,40,40
5312,0,0
5313,30,30
5314,0,0
5315,13,13
5316,0,0
5317,10,10
5318,0,0
5319,25,25
5320,0,0
5321,17,17
5322,0,0
5323,25,25
5324,0,0
5325,130,130
5326,171,0
5327,109,109
5328,0,0
5329,24,24
5330,0,0
5331,46,32
5332,46,0
5333,15,9
5334,0,0
5335,9,9
5336,0,0
5337,0,11
5338,0,0
5339,16,16
5340,0,0
5341,0,74
5342,0,0
5343,0,25
5344,0,0
5345,45,45
5346,0,0
5347,21,21
5348,0,0
5349,0,183
5350,0,0
5351,183,183
5352,0,0
5353,27,27
5354,0,0
5355,13,13
5356,0,0
5357,43,43
5358,0,0
5359,10,10
5360,0,0
5361,144,144
5362,0,0
5363,56,56
5364,0,0
5365,133,133
5366,0,0
5367,70,70
5368,0,0
5369,16,19
5370,0,0
5371,22,22
5372,0,0
5373,68,68
5374,0,0
5375,55,55
5376,0,0
5377,0,82
5378,0,0
5379,0,0
5380,0,0
5381,41,41
5382,0,0
5383,56,56
5384,0,0
5385,17,17
5386,0,0
5387,11,11
5388,0,0
5389,47,47
5390,0,0
5391,11,11
5392,0,0
5393,21,21
5394,0,0
5395,11,11
5396,0,0
5397,48,48
5398,0,0
5399,106,106
5400,0,0
5401,84,84
5402,0,0
5403,0,16
5404,0,0
5405,0,0
5406,0,0
5407,0,77
5408,0,0
5409,28,28
5410,0,0
5411,51,51
5412,0,0
5413,19,19
5414,0,0
5415,22,22
5416,0,0
5417,0,0
5418,0,0
5419,56,56
5420,0,0
5421,60,60
5422,0,0
5423,19,19
5424,0,0
5425,23,23
5426,0,0
5427,43,43
5428,0,0
5429,55,55
5430,0,0
5431,78,78
5432,0,0
5433,36,36
5434,0,0
5435,23,23
5436,0,0
5437,24,20
5438,0,0
5439,129,129
5440,0,0
5441,14,14
5442,0,0
5443,125,125
5444,0,0
5445,44,44
5446,0,0
5447,67,67
5448,0,0
5449,9,9
5450,0,0
5451,55,55
5452,0,0
5453,23,23
5454,0,0
5455,19,19
5456,0,0
5457,25,25
5458,0,0
5459,46,46
5460,0,0
5461,135,135
5462,0,0
5463,53,46
5464,0,0
5465,20,20
5466,0,0
5467,26,26
5468,0,0
5469,225,225
5470,0,0
5471,245,245
5472,0,0
5473,25,25
5474,0,0
5475,12,12
5476,0,0
5477,20,16
5478,0,0
5479,64,64
5480,0,0
5481,10,10
5482,0,0
5483,14,14
5484,0,0
5485,60,60
5486,0,0
5487,37,37
5488,0,0
5489,178,178
5490,0,0
5491,96,96
5492,0,0
5493,22,22
5494,0,0
5495,71,71
5496,0,0
5497,0,153
5498,0,0
5499,62,62
5500,0,0
5501,100,100
5502,0,0
5503,95,95
5504,0,0
5505,0,115
5506,0,0
5507,20,20
5508,0,0
5509,45,45
5510,0,0
5511,25,25
5512,0,0
5513,21,21
5514,0,0
5515,50,50
5516,0,0
5517,21,21
5518,0,0
5519,21,21
5520,0,0
5521,21,21
5522,0,0
5523,21,21
5524,0,0
5525,16,16
5526,0,0
5527,23,23
5528,0,0
5529,21,21
5530,0,0
5531,19,19
5532,0,0
5533,52,52
5534,0,0
5535,48,48
5536,0,0
5537,173,173
5538,0,0
5539,48,48
5540,0,0
5541,103,103
5542,0,0
5543,65,65
5544,0,0
5545,351,351
5546,0,0
5547,36,36
5548,0,0
5549,21,21
5550,0,0
5551,25,25
5552,0,0
5553,36,36
5554,0,0
5555,26,26
5556,0,0
5557,195,195
5558,0,0
5559,0,151
5560,0,0
5561,12,12
5562,0,0
5563,0,0
5564,18,18
5565,0,0
5566,0,0
5567,0,0
5568,59,59
5569,0,0
5570,0,81
5571,0,0
5572,13,13
5573,0,0
5574,103,103
5575,0,0
5576,225,225
5577,241,0
5578,0,60
5579,0,0
5580,9,9
5581,0,0
5582,0,12
5583,0,0
5584,0,15
5585,0,0
5586,39,39
5587,0,0
5588,0,195
5589,0,0
5590,0,41
5591,0,0
5592,110,110
5593,0,0
5594,15,15
5595,0,0
5596,16,16
5597,0,0
5598,40,40
5599,51,0
5600,40,36
5601,0,0
5602,11,11
5603,0,0
5604,14,10
5605,0,0
5606,35,35
5607,0,0
5608,108,108
5609,0,0
5610,0,61
5611,0,0
5612,67,67
5613,0,0
5614,0,10
5615,0,0
5616,14,14
5617,0,0
5618,13,13
5619,0,0
5620,28,28
5621,0,0
5622,11,11
5623,0,0
5624,37,37
5625,0,0
5626,43,43
5627,0,0
5628,29,29
5629,0,0
5630,18,18
5631,0,0
5632,106,106
5633,0,0
5634,0,68
5635,0,0
5636,56,56
5637,0,0
5638,0,37
5639,0,0
5640,152,152
5641,0,0
5642,57,57
5643,0,0
5644,44,44
5645,0,0
5646,13,13
5647,0,0
5648,11,11
5649,0,0
5650,38,38
5651,0,0
5652,19,17
5653,0,0
5654,30,30
5655,0,0
5656,26,26
5657,0,0
5658,30,30
5659,0,0
5660,0,14
5661,0,0
5662,17,17
5663,0,0
5664,30,30
5665,0,0
5666,21,12
5667,0,0
5668,0,14
5669,0,0
5670,32,32
5671,0,0
5672,0,38
5673,0,0
5674,62,53
5675,0,0
5676,0,9
5677,0,0
5678,0,9
5679,0,0
5680,0,0
5681,115,115
5682,0,0
5683,0,63
5684,0,0
5685,157,157
5686,0,0
5687,27,27
5688,0,0
5689,153,153
5690,0,0
5691,31,31
5692,0,0
5693,30,30
5694,0,0
5695,12,12
5696,0,0
5697,16,16
5698,0,0
5699,48,48
5700,0,0
5701,235,235
5702,0,0
5703,34,34
5704,0,0
5705,32,12
5706,0,0
5707,34,34
5708,0,0
5709,50,50
5710,0,0
5711,50,50
5712,0,0
5713,105,105
5714,0,0
5715,75,75
5716,0,0
5717,142,142
5718,0,0
5719,14,14
5720,32,0
5721,89,89
5722,0,0
5723,86,86
5724,0,0
5725,107,107
5726,0,0
5727,23,23
5728,0,0
5729,0,0
5730,0,0
5731,0,51
5732,0,0
5733,0,0
5734,0,0
5735,0,16
5736,0,0
5737,26,26
5738,0,0
5739,16,16
5740,0,0
5741,13,13
5742,0,0
5743,12,12
5744,0,0
5745,82,82
5746,0,0
5747,22,22
5748,0,0
5749,103,103
5750,0,0
5751,13,13
5752,0,0
5753,136,136
5754,0,0
5755,204,204
5756,0,0
5757,77,77
5758,0,0
5759,66,66
5760,0,0
5761,183,183
5762,218,0
5763,66,66
5764,0,0
5765,174,174
5766,0,0
5767,19,19
5768,0,0
5769,28,28
5770,0,0
5771,0,42
5772,0,0
5773,22,22
5774,0,0
5775,103,103
5776,0,0
5777,10,10
5778,0,0
5779,14,14
5780,0,0
5781,23,23
5782,0,0
5783,49,49
5784,0,0
5785,65,65
5786,0,0
5787,0,41
5788,0,0
5789,22,22
5790,0,0
5791,0,10
5792,0,0
5793,67,67
5794,0,0
5795,23,23
5796,0,0
5797,11,11
5798,0,0
5799,23,23
5800,0,0
5801,10,10
5802,0,0
5803,24,24
5804,0,0
5805,0,30
5806,0,0
5807,16,16
5808,255,0
5809,31,31
5810,0,0
5811,11,11
5812,0,0
5813,115,115
5814,0,0
5815,21,21
5816,0,0
5817,50,40
5818,0,0
5819,57,57
5820,0,0
5821,58,58
5822,0,0
5823,23,23
5824,0,0
5825,15,15
5826,0,0
5827,44,44
5828,0,0
5829,62,62
5830,0,0
5831,38,38
5832,0,0
5833,110,110
5834,0,0
5835,31,31
5836,0,0
5837,17,17
5838,0,0
5839,93,93
5840,0,0
5841,24,24
5842,0,0
5843,109,62
5844,109,0
5845,14,14
5846,0,0
5847,36,36
5848,0,0
5849,0,177
5850,0,0
5851,89,89
5852,0,0
5853,197,197
5854,0,0
5855,12,12
5856,0,0
5857,67,67
5858,0,0
5859,0,0
5860,0,0
5861,289,289
5862,0,0
5863,19,19
5864,0,0
5865,111,111
5866,0,0
5867,36,36
5868,0,0
5869,15,15
5870,0,0
5871,69,69
5872,0,0
5873,0,43
5874,0,0
5875,13,13
5876,0,0
5877,10,10
5878,0,0
5879,35,35
5880,0,0
5881,160,160
5882,0,0
5883,34,34
5884,0,0
5885,17,17
5886,0,0
5887,59,59
5888,0,0
5889,19,19
5890,0,0
5891,94,94
5892,0,0
5893,31,19
5894,0,0
5895,22,22
5896,0,0
5897,35,35
5898,0,0
5899,24,24
5900,0,0
5901,123,123
5902,0,0
5903,17,13
5904,0,0
5905,0,9
5906,0,0
5907,118,118
5908,0,0
5909,0,126
5910,0,0
5911,25,25
5912,0,0
5913,0,0
5914,0,0
5915,15,15
5916,0,0
5917,18,18
5918,0,0
5919,13,13
5920,0,0
5921,38,38
5922,0,0
5923,32,32
5924,0,0
5925,25,25
5926,0,0
5927,26,26
5928,0,0
5929,62,62
5930,0,0
5931,47,47
5932,0,0
5933,15,15
5934,0,0
5935,48,48
5936,0,0
5937,32,32
5938,0,0
5939,205,205
5940,0,0
5941,124,124
5942,57,0
5943,199,199
5944,0,0
5945,20,20
5946,72,0
5947,13,13
5948,0,0
5949,37,37
5950,0,0
5951,0,222
5952,0,0
5953,0,29
5954,0,0
5955,0,11
5956,0,0
5957,24,24
5958,0,0
5959,57,57
5960,0,0
5961,67,53
5962,0,0
5963,0,128
5964,0,0
5965,18,18
5966,0,0
5967,47,47
5968,0,0
5969,153,153
5970,0,0
5971,58,58
5972,0,0
5973,111,111
5974,0,0
5975,186,186
5976,0,0
5977,30,30
5978,0,0
5979,274,274
5980,0,0
5981,87,87
5982,0,0
5983,0,244
5984,0,0
5985,0,147
5986,0,0
5987,129,129
5988,0,0
5989,31,31
5990,0,0
5991,40,13
5992,0,0
5993,33,33
5994,0,0
5995,44,44
5996,0,0
5997,49,49
5998,0,0
5999,18,18
6000,0,0
6001,13,13
6002,0,0
6003,32,32
6004,0,0
6005,46,46
6006,0,0
6007,30,26
6008,0,0
6009,35,35
6010,0,0
6011,174,174
6012,0,0
6013,9,9
6014,0,0
6015,34,34
6016,0,0
6017,30,30
6018,0,0
6019,32,32
6020,0,0
6021,16,16
6022,0,0
6023,16,16
6024,0,0
6025,16,16
6026,0,0
6027,14,14
6028,0,0
6029,0,69
6030,0,0
6031,80,80
6032,0,0
6033,76,76
6034,0,0
6035,0,0
6036,52,52
6037,0,0
6038,0,45
6039,0,0
6040,85,85
6041,0,0
6042,13,13
6043,0,0
6044,101,101
6045,0,0
6046,66,66
6047,0,0
6048,30,30
6049,0,0
6050,0,86
6051,0,0
6052,22,22
6053,0,0
6054,28,28
6055,0,0
6056,34,30
6057,0,0
6058,35,31
6059,0,0
6060,30,30
6061,0,0
6062,22,22
6063,0,0
6064,0,43
6065,0,0
6066,36,36
6067,0,0
6068,130,130
6069,0,0
6070,49,45
6071,0,0
6072,49,45
6073,0,0
6074,27,27
6075,0,0
6076,13,13
6077,0,0
6078,19,19
6079,0,0
6080,0,256
6081,0,0
6082,47,47
6083,67,0
6084,12,12
6085,0,0
6086,14,14
6087,0,0
6088,14,14
6089,0,0
6090,14,14
6091,0,0
6092,14,14
6093,0,0
6094,19,19
6095,0,0
6096,57,57
6097,0,0
6098,37,37
6099,0,0
6100,27,27
6101,0,0
6102,35,35
6103,0,0
6104,54,54
6105,0,0
6106,13,13
6107,0,0
6108,12,12
6109,0,0
6110,12,12
6111,0,0
6112,13,13
6113,0,0
6114,0,48
6115,0,0
6116,31,31
6117,0,0
6118,12,12
6119,0,0
6120,14,14
6121,0,0
6122,14,14
6123,0,0
6124,26,26
6125,0,0
6126,26,26
6127,0,0
6128,33,33
6129,0,0
6130,155,155
6131,0,0
6132,42,42
6133,0,0
6134,41,41
6135,0,0
6136,40,40
6137,0,0
6138,98,98
6139,0,0
6140,159,159
6141,0,0
6142,102,102
6143,0,0
6144,51,51
6145,0,0
6146,38,38
6147,0,0
6148,65,65
6149,0,0
6150,16,16
6151,0,0
6152,0,103
6153,0,0
6154,0,0
6155,0,0
6156,27,27
6157,0,0
6158,15,15
6159,0,0
6160,14,14
6161,0,0
6162,29,29
6163,0,0
6164,165,165
6165,0,0
6166,43,43
6167,0,0
6168,0,57
6169,0,0
6170,45,45
6171,0,0
6172,63,63
6173,0,0
6174,67,67
6175,0,0
6176,0,23
6177,0,0
6178,9,9
6179,0,0
6180,22,22
6181,0,0
6182,11,11
6183,0,0
6184,75,75
6185,0,0
6186,75,75
6187,0,0
6188,0,49
6189,0,0
6190,80,80
6191,0,0
6192,0,18
6193,0,0
6194,12,12
6195,0,0
6196,12,12
6197,0,0
6198,45,45
6199,0,0
6200,0,59
6201,0,0
6202,62,62
6203,0,0
6204,62,62
6205,0,0
6206,66,66
6207,0,0
6208,80,80
6209,41,0
6210,45,45
6211,21,0
6212,0,155
6213,0,0
6214,0,66
6215,0,0
6216,22,22
6217,0,0
6218,0,15
6219,0,0
6220,0,27
6221,0,0
6222,0,33
6223,0,0
6224,31,31
6225,0,0
6226,28,28
6227,0,0
6228,0,12
6229,0,0
6230,0,0
6231,11,11
6232,0,0
6233,52,52
6234,0,0
6235,33,33
6236,0,0
6237,19,19
6238,0,0
6239,22,22
6240,0,0
6241,24,24
6242,0,0
6243,39,39
6244,0,0
6245,12,12
6246,0,0
6247,0,46
6248,0,0
6249,136,136
6250,195,0
6251,75,75
6252,0,0
6253,35,35
6254,0,0
6255,0,26
6256,0,0
6257,26,26
6258,0,0
6259,0,49
6260,0,0
6261,40,40
6262,0,0
6263,81,81
6264,0,0
6265,15,15
6266,0,0
6267,59,59
6268,0,0
6269,21,36
6270,0,0
6271,0,26
6272,0,0
6273,15,15
6274,0,0
6275,29,29
6276,0,0
6277,0,23
6278,0,0
6279,25,25
6280,0,0
6281,0,71
6282,0,0
6283,0,40
6284,0,0
6285,74,74
6286,0,0
6287,0,26
6288,0,0
6289,18,18
6290,0,0
6291,0,33
6292,0,0
6293,27,27
6294,0,0
6295,0,61
6296,0,0
6297,145,145
6298,0,0
6299,38,38
6300,0,0
6301,0,56
6302,0,0
6303,38,38
6304,0,0
6305,116,116
6306,0,0
6307,16,12
6308,0,0
6309,29,29
6310,0,0
6311,11,11
6312,0,0
6313,104,104
6314,0,0
6315,32,32
6316,0,0
6317,29,29
6318,0,0
6319,52,52
6320,0,0
6321,169,169
6322,0,0
6323,102,102
6324,0,0
6325,23,23
6326,0,0
6327,126,126
6328,0,0
6329,102,102
6330,0,0
6331,43,45
6332,0,0
6333,27,27
6334,0,0
6335,33,33
6336,0,0
6337,40,40
6338,0,0
6339,159,159
6340,0,0
6341,36,36
6342,0,0
6343,0,56
6344,0,0
6345,98,98
6346,0,0
6347,110,110
6348,0,0
6349,105,105
6350,0,0
6351,66,66
6352,0,0
6353,38,38
6354,0,0
6355,57,29
6356,0,0
6357,20,20
6358,0,0
6359,13,13
6360,0,0
6361,20,20
6362,0,0
6363,25,25
6364,0,0
6365,30,30
6366,0,0
6367,44,44
6368,0,0
6369,134,134
6370,0,0
6371,13,13
6372,0,0
6373,19,19
6374,0,0
6375,36,36
6376,0,0
6377,29,29
6378,0,0
6379,30,30
6380,0,0
6381,0,17
6382,0,0
6383,0,67
6384,0,0
6385,39,39
6386,0,0
6387,36,36
6388,0,0
6389,0,42
6390,0,0
6391,0,61
6392,0,0
6393,0,17
6394,0,0
6395,33,33
6396,0,0
6397,101,101
6398,0,0
6399,41,41
6400,0,0
6401,29,29
6402,0,0
6403,21,21
6404,0,0
6405,21,21
6406,0,0
6407,52,52
6408,0,0
6409,26,26
6410,0,0
6411,47,47
6412,0,0
6413,19,19
6414,0,0
6415,0,21
6416,0,0
6417,0,20
6418,0,0
6419,26,26
6420,0,0
6421,20,20
6422,0,0
6423,0,14
6424,0,0
6425,0,67
6426,0,0
6427,0,39
6428,0,0
6429,58,58
6430,0,0
6431,10,10
6432,0,0
6433,29,29
6434,0,0
6435,106,106
6436,0,0
6437,105,105
6438,0,0
6439,22,22
6440,0,0
6441,128,128
6442,0,0
6443,31,31
6444,0,0
6445,19,19
6446,0,0
6447,27,27
6448,0,0
6449,15,15
6450,35,0
6451,35,35
6452,0,0
6453,38,38
6454,0,0
6455,27,27
6456,0,0
6457,0,0
6458,0,0
6459,47,47
6460,0,0
6461,14,14
6462,0,0
6463,96,96
6464,0,0
6465,122,122
6466,0,0
6467,0,17
6468,0,0
6469,47,47
6470,0,0
6471,0,57
6472,0,0
6473,20,20
6474,0,0
6475,34,34
6476,0,0
6477,17,17
6478,0,0
6479,27,27
6480,0,0
6481,196,196
6482,0,0
6483,31,31
6484,0,0
6485,95,95
6486,0,0
6487,54,54
6488,0,0
6489,32,32
6490,0,0
6491,20,20
6492,0,0
6493,20,20
6494,0,0
6495,67,67
6496,0,0
6497,0,0
6498,23,23
6499,0,0
6500,0,175
6501,0,0
6502,70,70
6503,0,0
6504,18,18
6505,0,0
6506,76,76
6507,0,0
6508,197,197
6509,0,0
6510,19,19
6511,0,0
6512,33,33
6513,0,0
6514,16,16
6515,0,0
6516,55,55
6517,0,0
6518,12,12
6519,0,0
6520,132,132
6521,0,0
6522,61,61
6523,0,0
6524,41,41
6525,0,0
6526,30,30
6527,0,0
6528,14,14
6529,0,0
6530,157,157
6531,0,0
6532,0,0
6533,0,0
6534,24,24
6535,0,0
6536,15,15
6537,0,0
6538,17,17
6539,0,0
6540,18,18
6541,0,0
6542,0,11
6543,0,0
6544,0,74
6545,0,0
6546,28,24
6547,0,0
6548,13,13
6549,0,0
6550,18,18
6551,0,0
6552,110,106
6553,0,0
6554,36,36
6555,0,0
6556,48,48
6557,0,0
6558,69,69
6559,0,0
6560,24,24
6561,0,0
6562,32,32
6563,0,0
6564,61,61
6565,0,0
6566,25,25
6567,0,0
6568,49,49
6569,0,0
6570,140,140
6571,0,0
6572,28,28
6573,88,0
6574,19,19
6575,0,0
6576,13,13
6577,0,0
6578,0,0
6579,182,182
6580,0,0
6581,49,49
6582,0,0
6583,38,34
6584,0,0
6585,19,19
6586,0,0
6587,0,0
6588,0,156
6589,0,0
6590,48,48
6591,0,0
6592,0,72
6593,0,0
6594,36,36
6595,0,0
6596,0,0
6597,144,144
6598,0,0
6599,59,59
6600,0,0
6601,115,115
6602,0,0
6603,44,44
6604,0,0
6605,68,68
6606,0,0
6607,20,20
6608,12,0
6609,151,151
6610,0,0
6611,17,17
6612,0,0
6613,55,55
6614,0,0
6615,66,66
6616,0,0
6617,32,32
6618,0,0
6619,54,54
6620,0,0
6621,23,23
6622,0,0
6623,0,39
6624,0,0
6625,15,15
6626,0,0
6627,15,15
6628,0,0
6629,9,9
6630,0,0
6631,9,9
6632,0,0
6633,15,15
6634,0,0
6635,60,60
6636,185,0
6637,15,15
6638,0,0
6639,19,19
6640,0,0
6641,13,13
6642,0,0
6643,36,36
6644,0,0
6645,0,0
6646,133,133
6647,0,0
6648,55,55
6649,0,0
6650,38,34
6651,0,0
6652,78,78
6653,0,0
6654,0,0
6655,98,98
6656,0,0
6657,36,36
6658,0,0
6659,52,52
6660,0,0
6661,19,19
6662,0,0
6663,23,23
6664,0,0
6665,0,0
6666,144,144
6667,0,0
6668,23,23
6669,0,0
6670,0,0
6671,28,28
6672,0,0
6673,0,32
6674,0,0
6675,49,49
6676,0,0
6677,38,34
6678,0,0
6679,41,41
6680,0,0
6681,0,0
6682,0,156
6683,0,0
6684,48,48
6685,0,0
6686,134,134
6687,0,0
6688,20,20
6689,0,0
6690,0,0
6691,153,153
6692,0,0
6693,71,71
6694,0,0
6695,38,34
6696,0,0
6697,36,36
6698,0,0
6699,87,87
6700,0,0
6701,0,0
6702,0,120
6703,0,0
6704,55,55
6705,0,0
6706,47,47
6707,0,0
6708,26,26
6709,0,0
6710,0,0
6711,28,28
6712,0,0
6713,82,82
6714,0,0
6715,20,20
6716,0,0
6717,0,0
6718,133,133
6719,0,0
6720,41,41
6721,0,0
6722,38,34
6723,0,0
6724,15,15
6725,0,0
6726,0,0
6727,166,166
6728,0,0
6729,32,32
6730,0,0
6731,89,89
6732,0,0
6733,66,66
6734,0,0
6735,31,31
6736,0,0
6737,0,0
6738,166,166
6739,0,0
6740,34,34
6741,0,0
6742,87,87
6743,0,0
6744,40,40
6745,0,0
6746,20,20
6747,0,0
6748,0,0
6749,120,120
6750,0,0
6751,28,28
6752,79,0
6753,41,41
6754,0,0
6755,31,31
6756,0,0
6757,43,43
6758,0,0
6759,33,33
6760,0,0
6761,0,48
6762,0,0
6763,0,125
6764,0,0
6765,0,106
6766,0,0
6767,36,36
6768,0,0
6769,0,41
6770,0,0
6771,38,34
6772,0,0
6773,19,19
6774,0,0
6775,75,75
6776,0,0
6777,0,79
6778,0,0
6779,20,20
6780,0,0
6781,71,71
6782,0,0
6783,38,34
6784,0,0
6785,29,29
6786,0,0
6787,75,75
6788,0,0
6789,121,121
6790,0,0
6791,20,20
6792,0,0
6793,0,41
6794,0,0
6795,47,47
6796,0,0
6797,73,73
6798,0,0
6799,255,255
6800,0,0
6801,0,0
6802,0,0
6803,13,13
6804,0,0
6805,28,28
6806,0,0
6807,49,49
6808,0,0
6809,13,13
6810,0,0
6811,61,61
6812,0,0
6813,19,19
6814,0,0
6815,54,54
6816,0,0
6817,0,32
6818,0,0
6819,162,162
6820,0,0
6821,98,98
6822,0,0
6823,21,21
6824,0,0
6825,81,81
6826,0,0
6827,0,0
6828,0,156
6829,0,0
6830,49,49
6831,0,0
6832,38,38
6833,0,0
6834,36,36
6835,0,0
6836,0,0
6837,144,144
6838,0,0
6839,59,59
6840,0,0
6841,38,34
6842,0,0
6843,13,13
6844,0,0
6845,0,0
6846,182,182
6847,0,0
6848,59,59
6849,0,0
6850,19,19
6851,0,0
6852,20,20
6853,0,0
6854,0,0
6855,0,61
6856,0,0
6857,31,31
6858,0,0
6859,0,0
6860,130,130
6861,0,0
6862,32,32
6863,0,0
6864,48,48
6865,0,0
6866,74,70
6867,0,0
6868,27,27
6869,0,0
6870,0,0
6871,88,88
6872,0,0
6873,34,34
6874,0,0
6875,48,48
6876,0,0
6877,19,19
6878,0,0
6879,19,19
6880,0,0
6881,0,0
6882,67,67
6883,0,0
6884,143,143
6885,0,0
6886,118,118
6887,0,0
6888,88,88
6889,0,0
6890,0,0
6891,166,166
6892,0,0
6893,32,32
6894,0,0
6895,0,65
6896,0,0
6897,57,57
6898,0,0
6899,40,40
6900,0,0
6901,32,32
6902,0,0
6903,36,36
6904,0,0
6905,69,65
6906,0,0
6907,49,49
6908,0,0
6909,100,100
6910,0,0
6911,34,34
6912,0,0
6913,48,48
6914,0,0
6915,34,34
6916,0,0
6917,51,51
6918,0,0
6919,0,154
6920,0,0
6921,45,45
6922,0,0
6923,48,48
6924,0,0
6925,73,73
6926,0,0
6927,19,19
6928,0,0
6929,132,132
6930,0,0
6931,45,45
6932,0,0
6933,48,48
6934,0,0
6935,40,40
6936,0,0
6937,0,31
6938,0,0
6939,138,138
6940,0,0
6941,30,30
6942,0,0
6943,219,219
6944,0,0
6945,25,25
6946,0,0
6947,30,30
6948,0,0
6949,15,15
6950,0,0
6951,15,15
6952,0,0
6953,27,27
6954,0,0
6955,43,43
6956,0,0
6957,0,28
6958,0,0
6959,61,61
6960,0,0
6961,113,113
6962,0,0
6963,0,41
6964,0,0
6965,111,111
6966,0,0
6967,112,112
6968,0,0
6969,89,89
6970,0,0
6971,72,72
6972,0,0
6973,53,53
6974,0,0
6975,77,77
6976,0,0
6977,41,41
6978,0,0
6979,39,39
6980,0,0
6981,228,228
6982,0,0
6983,0,0
6984,0,0
6985,15,15
6986,0,0
6987,89,89
6988,0,0
6989,42,42
6990,0,0
6991,36,36
6992,0,0
6993,114,114
6994,0,0
6995,0,178
6996,0,0
6997,30,30
6998,0,0
6999,81,81
7000,0,0
7001,150,150
7002,0,0
7003,12,12
7004,0,0
7005,10,10
7006,0,0
7007,36,36
7008,0,0
7009,18,18
7010,0,0
7011,15,15
7012,0,0
7013,0,47
7014,0,0
7015,27,27
7016,0,0
7017,132,132
7018,0,0
7019,88,88
7020,0,0
7021,27,27
7022,0,0
7023,0,23
7024,0,0
7025,87,87
7026,0,0
7027,29,29
7028,0,0
7029,34,34
7030,0,0
7031,27,27
7032,0,0
7033,41,41
7034,0,0
7035,97,97
7036,0,0
7037,0,55
7038,0,0
7039,35,35
7040,0,0
7041,123,123
7042,0,0
7043,0,0
7044,0,0
7045,78,78
7046,0,0
7047,0,88
7048,0,0
7049,187,187
7050,0,0
7051,11,11
7052,0,0
7053,64,64
7054,0,0
7055,59,59
7056,0,0
7057,16,16
7058,0,0
7059,83,83
7060,0,0
7061,86,86
7062,0,0
7063,93,93
7064,0,0
7065,0,239
7066,0,0
7067,0,0
7068,0,0
7069,113,113
7070,0,0
7071,82,82
7072,0,0
7073,0,0
7074,0,0
7075,119,119
7076,0,0
7077,0,0
7078,0,0
7079,0,0
7080,73,53
7081,0,0
7082,0,139
7083,0,0
7084,0,208
7085,0,0
7086,134,134
7087,0,0
7088,75,75
7089,0,0
7090,0,55
7091,0,0
7092,73,62
7093,0,0
7094,64,64
7095,0,0
7096,66,66
7097,0,0
7098,0,27
7099,0,0
7100,20,20
7101,0,0
7102,0,94
7103,0,0
7104,0,84
7105,0,0
7106,64,64
7107,0,0
7108,76,76
7109,0,0
7110,41,41
7111,0,0
7112,33,33
7113,0,0
7114,40,40
7115,0,0
7116,15,15
7117,0,0
7118,74,74
7119,0,0
7120,79,79
7121,0,0
7122,39,39
7123,0,0
7124,174,174
7125,0,0
7126,102,102
7127,0,0
7128,55,55
7129,0,0
7130,129,129
7131,0,0
7132,237,237
7133,0,0
7134,36,36
7135,0,0
7136,55,55
7137,0,0
7138,45,45
7139,0,0
7140,31,31
7141,0,0
7142,120,120
7143,0,0
7144,0,59
7145,0,0
7146,153,153
7147,0,0
7148,0,0
7149,0,0
7150,22,22
7151,0,0
7152,22,22
7153,0,0
7154,0,14
7155,0,0
7156,0,14
7157,0,0
7158,0,14
7159,0,0
7160,0,14
7161,0,0
7162,28,28
7163,0,0
7164,25,25
7165,0,0
7166,21,21
7167,0,0
7168,97,97
7169,0,0
7170,72,72
7171,0,0
7172,70,70
7173,0,0
7174,0,41
7175,0,0
7176,57,57
7177,0,0
7178,36,36
7179,0,0
7180,32,32
7181,0,0
7182,32,32
7183,0,0
7184,38,38
7185,0,0
7186,60,60
7187,0,0
7188,31,31
7189,0,0
7190,0,0
7191,0,176
7192,0,0
7193,36,36
7194,0,0
7195,48,48
7196,0,0
7197,19,19
7198,0,0
7199,35,35
7200,0,0
7201,99,99
7202,0,0
7203,88,88
7204,0,0
7205,95,95
7206,0,0
7207,109,109
7208,0,0
7209,0,0
7210,52,52
7211,0,0
7212,97,97
7213,0,0
7214,0,0
7215,0,0
7216,153,153
7217,0,0
7218,83,83
7219,0,0
7220,0,0
7221,166,166
7222,0,0
7223,69,69
7224,0,0
7225,247,247
7226,0,0
7227,0,0
7228,0,0
7229,64,64
7230,0,0
7231,0,0
7232,0,106
7233,0,0
7234,23,23
7235,0,0
7236,0,0
7237,153,153
7238,0,0
7239,41,41
7240,0,0
7241,38,34
7242,0,0
7243,83,83
7244,0,0
7245,0,0
7246,182,182
7247,0,0
7248,55,55
7249,0,0
7250,90,90
7251,0,0
7252,0,0
7253,0,0
7254,13,13
7255,0,0
7256,0,0
7257,140,140
7258,0,0
7259,0,37
7260,0,0
7261,48,48
7262,0,0
7263,74,74
7264,0,0
7265,108,108
7266,0,0
7267,81,81
7268,0,0
7269,96,96
7270,0,0
7271,81,81
7272,0,0
7273,123,123
7274,0,0
7275,9,9
7276,0,0
7277,24,24
7278,0,0
7279,24,24
7280,0,0
7281,0,13
7282,0,0
7283,0,22
7284,0,0
7285,47,47
7286,0,0
7287,0,98
7288,0,0
7289,0,64
7290,0,0
7291,20,20
7292,0,0
7293,71,71
7294,0,0
7295,38,34
7296,0,0
7297,100,100
7298,0,0
7299,23,23
7300,0,0
7301,24,24
7302,0,0
7303,0,0
7304,0,0
7305,34,34
7306,0,0
7307,63,63
7308,0,0
7309,80,80
7310,0,0
7311,61,61
7312,0,0
7313,91,91
7314,0,0
7315,0,0
7316,55,55
7317,0,0
7318,0,0
7319,140,140
7320,0,0
7321,104,104
7322,0,0
7323,57,57
7324,0,0
7325,11,11
7326,0,0
7327,0,0
7328,173,173
7329,0,0
7330,23,23
7331,0,0
7332,0,100
7333,0,0
7334,0,0
7335,28,28
7336,0,0
7337,0,37
7338,0,0
7339,0,0
7340,0,0
7341,0,0
7342,0,0
7343,11,11
7344,0,0
7345,0,0
7346,61,61
7347,0,0
7348,37,37
7349,0,0
7350,40,40
7351,0,0
7352,24,24
7353,0,0
7354,0,0
7355,96,96
7356,0,0
7357,30,30
7358,0,0
7359,149,149
7360,0,0
7361,30,30
7362,0,0
7363,204,204
7364,0,0
7365,188,188
7366,0,0
7367,9,9
7368,0,0
7369,15,15
7370,0,0
7371,34,34
7372,0,0
7373,21,29
7374,0,0
7375,0,9
7376,0,0
7377,9,9
7378,0,0
7379,9,9
7380,0,0
7381,19,19
7382,0,0
7383,27,27
7384,0,0
7385,23,23
7386,0,0
7387,129,129
7388,0,0
7389,81,81
7390,0,0
7391,20,20
7392,0,0
7393,28,28
7394,0,0
7395,19,19
7396,0,0
7397,27,27
7398,0,0
7399,164,164
7400,0,0
7401,154,154
7402,0,0
7403,47,47
7404,0,0
7405,30,30
7406,0,0
7407,105,105
7408,0,0
7409,0,41
7410,0,0
7411,58,58
7412,0,0
7413,168,168
7414,0,0
7415,31,31
7416,0,0
7417,27,27
7418,0,0
7419,10,10
7420,0,0
7421,10,10
7422,0,0
7423,0,0
7424,173,173
7425,0,0
7426,0,38
7427,0,0
7428,64,64
7429,0,0
7430,27,27
7431,0,0
7432,36,36
7433,0,0
7434,48,48
7435,0,0
7436,38,38
7437,0,0
7438,25,25
7439,0,0
7440,28,28
7441,0,0
7442,114,114
7443,0,0
7444,36,36
7445,0,0
7446,55,55
7447,0,0
7448,36,36
7449,0,0
7450,128,128
7451,0,0
7452,62,62
7453,0,0
7454,31,31
7455,0,0
7456,42,42
7457,0,0
7458,106,106
7459,0,0
7460,36,36
7461,0,0
7462,180,180
7463,0,0
7464,93,93
7465,0,0
7466,0,0
7467,0,0
7468,9,9
7469,0,0
7470,120,120
7471,0,0
7472,9,9
7473,0,0
7474,9,9
7475,0,0
7476,30,30
7477,0,0
7478,9,9
7479,0,0
7480,0,9
7481,0,0
7482,9,9
7483,0,0
7484,9,9
7485,0,0
7486,9,9
7487,0,0
7488,9,9
7489,0,0
7490,9,9
7491,0,0
7492,0,9
7493,0,0
7494,38,38
7495,0,0
7496,23,23
7497,0,0
7498,0,32
7499,0,0
7500,98,98
7501,0,0
7502,36,36
7503,0,0
7504,25,25
7505,0,0
7506,159,159
7507,0,0
7508,76,76
7509,0,0
7510,43,43
7511,0,0
7512,55,55
7513,0,0
7514,96,96
7515,0,0
7516,0,191
7517,0,0
7518,161,161
7519,0,0
7520,108,108
7521,0,0
7522,218,218
7523,0,0
7524,19,19
7525,0,0
7526,63,63
7527,0,0
7528,36,36
7529,0,0
7530,148,148
7531,0,0
7532,30,30
7533,0,0
7534,48,48
7535,0,0
7536,0,187
7537,0,0
7538,0,27
7539,0,0
7540,0,0
7541,88,88
7542,0,0
7543,34,34
7544,0,0
7545,48,48
7546,0,0
7547,19,19
7548,0,0
7549,0,0
7550,61,61
7551,0,0
7552,78,78
7553,0,0
7554,28,28
7555,0,0
7556,24,24
7557,0,0
7558,0,0
7559,98,98
7560,0,0
7561,32,32
7562,0,0
7563,0,98
7564,0,0
7565,0,45
7566,0,0
7567,151,151
7568,0,0
7569,0,41
7570,0,0
7571,47,47
7572,0,0
7573,19,19
7574,0,0
7575,0,0
7576,166,166
7577,0,0
7578,90,90
7579,0,0
7580,64,64
7581,0,0
7582,13,13
7583,0,0
7584,0,0
7585,50,50
7586,0,0
7587,78,78
7588,0,0
7589,40,32
7590,0,0
7591,25,25
7592,0,0
7593,0,0
7594,98,98
7595,0,0
7596,0,0
7597,0,0
7598,28,28
7599,0,0
7600,28,28
7601,0,0
7602,0,191
7603,0,0
7604,108,108
7605,0,0
7606,16,16
7607,0,0
7608,77,77
7609,0,0
7610,49,49
7611,0,0
7612,13,13
7613,0,0
7614,59,59
7615,0,0
7616,0,24
7617,0,0
7618,43,43
7619,0,0
7620,28,28
7621,0,0
7622,15,15
7623,0,0
7624,0,24
7625,0,0
7626,0,0
7627,25,25
7628,0,0
7629,35,35
7630,0,0
7631,49,49
7632,0,0
7633,29,29
7634,0,0
7635,18,18
7636,0,0
7637,23,23
7638,0,0
7639,0,0
7640,0,0
7641,51,51
7642,0,0
7643,9,9
7644,0,0
7645,9,9
7646,0,0
7647,0,9
7648,0,0
7649,9,9
7650,0,0
7651,46,46
7652,0,0
7653,21,21
7654,0,0
7655,91,91
7656,0,0
7657,0,11
7658,0,0
7659,0,48
7660,0,0
7661,35,35
7662,0,0
7663,14,14
7664,0,0
7665,12,12
7666,0,0
7667,247,247
7668,0,0
7669,12,12
7670,0,0
7671,66,45
7672,0,0
7673,32,32
7674,0,0
7675,135,135
7676,0,0
7677,94,94
7678,0,0
7679,49,49
7680,0,0
7681,121,121
7682,0,0
7683,73,73
7684,0,0
7685,0,0
7686,0,0
7687,30,30
7688,0,0
7689,25,25
7690,0,0
7691,122,122
7692,0,0
7693,81,81
7694,0,0
7695,32,32
7696,0,0
7697,0,25
7698,0,0
7699,13,13
7700,0,0
7701,53,53
7702,0,0
7703,13,13
7704,0,0
7705,34,34
7706,0,0
7707,35,35
7708,0,0
7709,28,28
7710,0,0
7711,21,21
7712,0,0
7713,25,25
7714,0,0
7715,0,43
7716,0,0
7717,0,0
7718,14,14
7719,0,0
7720,0,13
7721,0,0
7722,16,16
7723,0,0
7724,38,38
7725,0,0
7726,29,29
7727,0,0
7728,45,45
7729,0,0
7730,48,48
7731,0,0
7732,120,120
7733,0,0
7734,36,36
7735,0,0
7736,48,48
7737,0,0
7738,13,13
7739,0,0
7740,71,71
7741,0,0
7742,45,45
7743,0,0
7744,123,123
7745,0,0
7746,131,131
7747,0,0
7748,32,32
7749,0,0
7750,59,59
7751,0,0
7752,19,19
7753,0,0
7754,13,13
7755,0,0
7756,55,55
7757,0,0
7758,47,47
7759,0,0
7760,122,122
7761,0,0
7762,62,62
7763,0,0
7764,31,31
7765,0,0
7766,140,140
7767,0,0
7768,45,45
7769,0,0
7770,36,36
7771,0,0
7772,32,32
7773,0,0
7774,0,0
7775,0,0
7776,33,33
7777,0,0
7778,40,40
7779,0,0
7780,0,107
7781,0,0
7782,0,0
7783,17,0
7784,19,19
7785,0,0
7786,15,15
7787,0,0
7788,0,19
7789,0,0
7790,0,0
7791,75,75
7792,0,0
7793,34,36
7794,0,0
7795,0,0
7796,0,0
7797,146,146
7798,0,0
7799,0,0
7800,0,0
7801,0,0
7802,0,0
7803,0,0
7804,0,0
7805,0,0
7806,0,0
7807,15,15
7808,0,0
7809,91,91
7810,0,0
7811,36,36
7812,0,0
7813,43,17
7814,0,0
7815,19,19
7816,0,0
7817,33,33
7818,0,0
7819,28,28
7820,0,0
7821,65,65
7822,0,0
7823,30,30
7824,0,0
7825,39,39
7826,0,0
7827,83,83
7828,0,0
7829,72,72
7830,0,0
7831,20,20
7832,0,0
7833,25,25
7834,0,0
7835,24,24
7836,0,0
7837,91,91
7838,0,0
7839,15,15
7840,0,0
7841,49,49
7842,0,0
7843,23,23
7844,0,0
7845,22,22
7846,0,0
7847,71,71
7848,0,0
7849,170,170
7850,0,0
7851,92,92
7852,0,0
7853,0,24
7854,0,0
7855,20,20
7856,0,0
7857,23,23
7858,0,0
7859,32,32
7860,0,0
7861,21,21
7862,0,0
7863,20,20
7864,0,0
7865,18,18
7866,0,0
7867,17,17
7868,0,0
7869,59,59
7870,0,0
7871,70,70
7872,0,0
7873,29,29
7874,0,0
7875,57,57
7876,0,0
7877,23,23
7878,0,0
7879,0,27
7880,0,0
7881,0,154
7882,0,0
7883,19,19
7884,0,0
7885,108,108
7886,0,0
7887,114,114
7888,0,0
7889,163,163
7890,0,0
7891,0,0
7892,0,0
7893,89,89
7894,0,0
7895,117,117
7896,0,0
7897,154,154
7898,0,0
7899,132,132
7900,0,0
7901,171,171
7902,0,0
7903,58,58
7904,0,0
7905,196,196
7906,0,0
7907,0,203
7908,0,0
7909,15,15
7910,0,0
7911,13,13
7912,0,0
7913,0,11
7914,0,0
7915,26,26
7916,0,0
7917,54,54
7918,0,0
7919,0,86
7920,0,0
7921,0,82
7922,0,0
7923,0,29
7924,0,0
7925,123,123
7926,0,0
7927,17,17
7928,0,0
7929,22,22
7930,0,0
7931,21,21
7932,0,0
7933,13,13
7934,0,0
7935,0,13
7936,0,0
7937,21,21
7938,0,0
7939,35,35
7940,0,0
7941,57,57
7942,0,0
7943,18,18
7944,0,0
7945,20,20
7946,0,0
7947,30,30
7948,0,0
7949,32,32
7950,0,0
7951,36,36
7952,0,0
7953,21,21
7954,0,0
7955,134,134
7956,0,0
7957,69,69
7958,0,0
7959,131,131
7960,0,0
7961,24,24
7962,0,0
7963,30,30
7964,64,0
7965,32,32
7966,0,0
7967,29,29
7968,0,0
7969,22,22
7970,0,0
7971,51,51
7972,0,0
7973,0,232
7974,0,0
7975,107,107
7976,0,0
7977,75,75
7978,0,0
7979,30,30
7980,0,0
7981,0,0
7982,9,9
7983,0,0
7984,52,52
7985,0,0
7986,99,99
7987,0,0
7988,17,17
7989,0,0
7990,24,24
7991,0,0
7992,28,28
7993,0,0
7994,0,41
7995,0,0
7996,31,31
7997,0,0
7998,12,12
7999,0,0
8000,12,12
8001,0,0
8002,18,18
8003,0,0
8004,66,66
8005,0,0
8006,0,0
8007,0,0
8008,0,92
8009,0,0
8010,0,176
8011,0,0
8012,23,23
8013,0,0
8014,96,96
8015,0,0
8016,0,182
8017,0,0
8018,105,105
8019,0,0
8020,0,0
8021,0,0
8022,106,106
8023,0,0
8024,12,12
8025,0,0
8026,0,75
8027,0,0
8028,44,44
8029,0,0
8030,49,45
8031,0,0
8032,70,66
8033,0,0
8034,251,251
8035,0,0
8036,57,57
8037,0,0
8038,64,64
8039,0,0
8040,67,67
8041,0,0
8042,9,9
8043,0,0
8044,9,9
8045,0,0
8046,9,9
8047,0,0
8048,9,9
8049,0,0
8050,0,9
8051,0,0
8052,0,9
8053,0,0
8054,9,9
8055,0,0
8056,54,54
8057,0,0
8058,86,86
8059,0,0
8060,0,97
8061,0,0
8062,41,41
8063,0,0
8064,144,144
8065,0,0
8066,191,191
8067,0,0
8068,11,11
8069,43,0
8070,23,23
8071,0,0
8072,210,210
8073,0,0
8074,0,196
8075,0,0
8076,62,62
8077,0,0
8078,50,50
8079,0,0
8080,0,9
8081,0,0
8082,0,9
8083,0,0
8084,9,9
8085,0,0
8086,65,65
8087,0,0
8088,11,11
8089,0,0
8090,11,11
8091,0,0
8092,0,11
8093,0,0
8094,0,11
8095,0,0
8096,0,44
8097,0,0
8098,0,11
8099,0,0
8100,0,11
8101,0,0
8102,0,11
8103,0,0
8104,0,11
8105,0,0
8106,40,40
8107,0,0
8108,0,11
8109,0,0
8110,0,11
8111,0,0
8112,0,11
8113,0,0
8114,0,11
8115,0,0
8116,0,11
8117,0,0
8118,0,11
8119,0,0
8120,0,40
8121,0,0
8122,0,11
8123,0,0
8124,0,11
8125,0,0
8126,0,41
8127,0,0
8128,19,19
8129,0,0
8130,0,67
8131,0,0
8132,12,12
8133,0,0
8134,24,24
8135,0,0
8136,18,18
8137,0,0
8138,33,33
8139,0,0
8140,37,37
8141,0,0
8142,22,22
8143,0,0
8144,0,87
8145,0,0
8146,0,11
8147,0,0
8148,12,12
8149,0,0
8150,0,18
8151,0,0
8152,35,31
8153,0,0
8154,59,59
8155,0,0
8156,0,51
8157,0,0
8158,58,58
8159,0,0
8160,20,20
8161,0,0
8162,52,52
8163,0,0
8164,23,23
8165,0,0
8166,52,52
8167,0,0
8168,65,65
8169,0,0
8170,0,72
8171,0,0
8172,101,101
8173,0,0
8174,32,32
8175,0,0
8176,17,17
8177,0,0
8178,22,22
8179,0,0
8180,70,70
8181,0,0
8182,87,87
8183,0,0
8184,40,40
8185,0,0
8186,23,23
8187,0,0
8188,17,17
8189,0,0
8190,20,20
8191,0,0
8192,20,20
8193,0,0
8194,17,17
8195,0,0
8196,84,84
8197,0,0
8198,17,17
8199,0,0
8200,0,33
8201,0,0
8202,78,78
8203,0,0
8204,49,49
8205,0,0
8206,19,19
8207,0,0
8208,13,13
8209,0,0
8210,26,26
8211,0,0
8212,37,37
8213,0,0
8214,42,42
8215,0,0
8216,13,13
8217,0,0
8218,22,22
8219,0,0
8220,10,10
8221,0,0
8222,24,24
8223,0,0
8224,29,29
8225,0,0
8226,38,38
8227,0,0
8228,45,45
8229,0,0
8230,38,38
8231,0,0
8232,29,29
8233,0,0
8234,10,10
8235,0,0
8236,0,0
8237,14,14
8238,0,0
8239,43,43
8240,0,0
8241,0,35
8242,0,0
8243,265,265
8244,0,0
8245,46,46
8246,0,0
8247,90,90
8248,0,0
8249,46,46
8250,0,0
8251,23,23
8252,0,0
8253,19,19
8254,0,0
8255,0,14
8256,0,0
8257,52,52
8258,0,0
8259,19,19
8260,0,0
8261,0,29
8262,0,0
8263,86,86
8264,0,0
8265,284,284
8266,0,0
8267,103,103
8268,0,0
8269,69,69
8270,0,0
8271,0,324
8272,0,0
8273,19,19
8274,0,0
8275,48,48
8276,0,0
8277,55,55
8278,0,0
8279,45,45
8280,0,0
8281,34,34
8282,0,0
8283,0,138
8284,0,0
8285,67,67
8286,0,0
8287,129,129
8288,0,0
8289,98,98
8290,0,0
8291,22,22
8292,0,0
8293,99,99
8294,0,0
8295,226,226
8296,0,0
8297,23,23
8298,0,0
8299,68,68
8300,0,0
8301,177,177
8302,0,0
8303,49,49
8304,0,0
8305,92,92
8306,0,0
8307,43,43
8308,0,0
8309,26,26
8310,0,0
8311,21,15
8312,0,0
8313,0,50
8314,0,0
8315,0,116
8316,0,0
8317,0,159
8318,0,0
8319,63,63
8320,0,0
8321,47,47
8322,0,0
8323,20,14
8324,0,0
8325,172,172
8326,0,0
8327,171,171
8328,0,0
8329,0,140
8330,0,0
8331,26,21
8332,0,0
8333,0,68
8334,0,0
8335,33,33
8336,0,0
8337,61,61
8338,0,0
8339,155,155
8340,0,0
8341,86,86
8342,0,0
8343,106,106
8344,0,0
8345,16,16
8346,0,0
8347,13,13
8348,0,0
8349,13,13
8350,0,0
8351,17,17
8352,0,0
8353,13,13
8354,0,0
8355,13,13
8356,0,0
8357,13,13
8358,0,0
8359,143,143
8360,0,0
8361,72,72
8362,0,0
8363,86,86
8364,0,0
8365,73,73
8366,0,0
8367,68,68
8368,0,0
8369,95,95
8370,0,0
8371,177,177
8372,0,0
8373,0,15
8374,0,0
8375,16,16
8376,0,0
8377,124,124
8378,0,0
8379,32,32
8380,0,0
8381,18,18
8382,0,0
8383,0,51
8384,0,0
8385,110,110
8386,0,0
8387,84,84
8388,0,0
8389,41,41
8390,0,0
8391,77,77
8392,0,0
8393,67,25
8394,67,0
8395,0,18
8396,0,0
8397,70,70
8398,0,0
8399,0,99
8400,0,0
8401,122,122
8402,0,0
8403,17,17
8404,0,0
8405,20,20
8406,0,0
8407,20,20
8408,0,0
8409,45,45
8410,0,0
8411,51,51
8412,0,0
8413,55,34
8414,0,0
8415,0,70
8416,0,0
8417,25,25
8418,0,0
8419,14,14
8420,0,0
8421,63,63
8422,0,0
8423,17,17
8424,0,0
8425,40,40
8426,0,0
8427,25,25
8428,0,0
8429,63,63
8430,0,0
8431,84,84
8432,0,0
8433,51,38
8434,0,0
8435,0,157
8436,0,0
8437,31,31
8438,0,0
8439,0,10
8440,0,0
8441,24,24
8442,0,0
8443,28,28
8444,0,0
8445,53,53
8446,0,0
8447,63,63
8448,0,0
8449,21,21
8450,0,0
8451,0,56
8452,0,0
8453,42,42
8454,0,0
8455,41,41
8456,0,0
8457,52,52
8458,0,0
8459,121,121
8460,0,0
8461,19,19
8462,0,0
8463,38,38
8464,0,0
8465,119,119
8466,0,0
8467,39,31
8468,0,0
8469,35,35
8470,0,0
8471,95,95
8472,0,0
8473,72,72
8474,0,0
8475,0,83
8476,0,0
8477,0,34
8478,0,0
8479,45,45
8480,0,0
8481,0,29
8482,0,0
8483,53,53
8484,0,0
8485,60,60
8486,0,0
8487,25,25
8488,0,0
8489,189,189
8490,0,0
8491,0,195
8492,0,0
8493,27,27
8494,0,0
8495,41,41
8496,0,0
8497,216,216
8498,0,0
8499,48,48
8500,0,0
8501,26,26
8502,0,0
8503,25,25
8504,0,0
8505,180,167
8506,0,0
8507,59,59
8508,0,0
8509,50,50
8510,0,0
8511,53,53
8512,0,0
8513,44,44
8514,0,0
8515,87,87
8516,0,0
8517,143,139
8518,0,0
8519,152,152
8520,0,0
8521,169,169
8522,0,0
8523,43,43
8524,0,0
8525,35,35
8526,0,0
8527,56,56
8528,0,0
8529,25,25
8530,0,0
8531,28,28
8532,0,0
8533,0,40
8534,0,0
8535,171,171
8536,0,0
8537,70,70
8538,0,0
8539,94,94
8540,0,0
8541,35,35
8542,0,0
8543,60,60
8544,0,0
8545,19,19
8546,0,0
8547,17,17
8548,0,0
8549,15,15
8550,0,0
8551,50,50
8552,0,0
8553,109,109
8554,0,0
8555,121,121
8556,0,0
8557,0,77
8558,0,0
8559,20,20
8560,0,0
8561,22,22
8562,0,0
8563,189,189
8564,0,0
8565,47,47
8566,0,0
8567,46,46
8568,0,0
8569,27,27
8570,0,0
8571,75,54
8572,0,0
8573,18,18
8574,0,0
8575,0,16
8576,0,0
8577,18,18
8578,0,0
8579,18,18
8580,0,0
8581,27,27
8582,0,0
8583,18,18
8584,0,0
8585,18,18
8586,0,0
8587,30,30
8588,0,0
8589,18,18
8590,0,0
8591,0,18
8592,0,0
8593,18,18
8594,0,0
8595,0,18
8596,0,0
8597,0,18
8598,0,0
8599,0,18
8600,0,0
8601,0,18
8602,0,0
8603,0,18
8604,0,0
8605,18,18
8606,0,0
8607,30,30
8608,0,0
8609,0,20
8610,0,0
8611,0,20
8612,0,0
8613,9,9
8614,0,0
8615,9,9
8616,0,0
8617,0,20
8618,0,0
8619,9,9
8620,0,0
8621,9,9
8622,0,0
8623,27,27
8624,0,0
8625,20,20
8626,0,0
8627,9,9
8628,0,0
8629,80,80
8630,0,0
8631,53,53
8632,0,0
8633,0,0
8634,37,37
8635,0,0
8636,47,47
8637,0,0
8638,13,13
8639,0,0
8640,80,80
8641,0,0
8642,94,94
8643,0,0
8644,13,13
8645,0,0
8646,0,240
8647,0,0
8648,0,0
8649,0,0
8650,41,41
8651,0,0
8652,153,153
8653,0,0
8654,0,34
8655,0,0
8656,190,190
8657,0,0
8658,17,17
8659,0,0
8660,35,35
8661,0,0
8662,23,23
8663,0,0
8664,103,103
8665,96,0
8666,55,55
8667,0,0
8668,142,142
8669,0,0
8670,97,97
8671,0,0
8672,61,36
8673,0,0
8674,33,33
8675,0,0
8676,88,88
8677,63,0
8678,67,137
8679,67,0
8680,66,66
8681,0,0
8682,66,76
8683,66,0
8684,75,75
8685,0,0
8686,0,96
8687,96,0
8688,31,31
8689,0,0
8690,0,117
8691,0,0
8692,72,72
8693,65,0
8694,101,99
8695,101,0
8696,53,53
8697,0,0
8698,65,65
8699,0,0
8700,11,11
8701,0,0
8702,24,24
8703,0,0
8704,71,71
8705,0,0
8706,9,9
8707,0,0
8708,16,16
8709,33,0
8710,21,21
8711,0,0
8712,0,24
8713,0,0
8714,0,39
8715,0,0
8716,0,89
8717,0,0
8718,14,14
8719,0,0
8720,14,14
8721,0,0
8722,86,86
8723,0,0
8724,17,17
8725,0,0
8726,17,17
8727,0,0
8728,21,21
8729,0,0
8730,24,24
8731,0,0
8732,0,18
8733,0,0
8734,18,26
8735,0,0
8736,20,20
8737,0,0
8738,21,21
8739,0,0
8740,149,149
8741,0,0
8742,0,20
8743,0,0
8744,28,24
8745,0,0
8746,43,43
8747,0,0
8748,59,59
8749,0,0
8750,19,15
8751,0,0
8752,17,17
8753,0,0
8754,36,36
8755,0,0
8756,0,50
8757,0,0
8758,27,27
8759,0,0
8760,73,73
8761,0,0
8762,18,18
8763,0,0
8764,33,33
8765,0,0
8766,19,19
8767,0,0
8768,58,58
8769,0,0
8770,27,27
8771,0,0
8772,0,84
8773,0,0
8774,92,92
8775,0,0
8776,25,25
8777,0,0
8778,23,23
8779,0,0
8780,0,0
8781,91,91
8782,0,0
8783,103,103
8784,0,0
8785,44,44
8786,0,0
8787,25,29
8788,29,0
8789,0,37
8790,0,0
8791,44,44
8792,0,0
8793,60,60
8794,0,0
8795,66,66
8796,0,0
8797,0,39
8798,0,0
8799,73,73
8800,0,0
8801,62,62
8802,0,0
8803,35,35
8804,0,0
8805,0,39
8806,0,0
8807,0,30
8808,0,0
8809,62,62
8810,0,0
8811,0,36
8812,0,0
8813,0,38
8814,0,0
8815,0,34
8816,0,0
8817,24,20
8818,0,0
8819,0,36
8820,0,0
8821,105,101
8822,0,0
8823,32,32
8824,0,0
8825,45,45
8826,0,0
8827,74,74
8828,0,0
8829,0,82
8830,0,0
8831,0,79
8832,0,0
8833,0,82
8834,0,0
8835,16,16
8836,0,0
8837,26,26
8838,0,0
8839,22,22
8840,0,0
8841,18,18
8842,0,0
8843,19,19
8844,0,0
8845,0,11
8846,0,0
8847,0,11
8848,0,0
8849,0,11
8850,0,0
8851,17,11
8852,0,0
8853,17,17
8854,0,0
8855,61,61
8856,0,0
8857,56,56
8858,0,0
8859,0,77
8860,0,0
8861,15,15
8862,0,0
8863,17,17
8864,0,0
8865,26,26
8866,13,0
8867,100,100
8868,0,0
8869,14,14
8870,0,0
8871,15,15
8872,0,0
8873,18,18
8874,0,0
8875,0,18
8876,0,0
8877,0,18
8878,0,0
8879,144,135
8880,0,0
8881,18,18
8882,0,0
8883,0,18
8884,0,0
8885,0,0
8886,22,22
8887,0,0
8888,52,52
8889,0,0
8890,24,24
8891,0,0
8892,13,9
8893,0,0
8894,13,13
8895,0,0
8896,9,9
8897,0,0
8898,0,12
8899,0,0
8900,9,9
8901,0,0
8902,0,96
8903,0,0
8904,78,78
8905,0,0
8906,120,120
8907,0,0
8908,0,9
8909,0,0
8910,0,16
8911,0,0
8912,28,28
8913,0,0
8914,24,24
8915,0,0
8916,15,15
8917,0,0
8918,13,13
8919,0,0
8920,13,9
8921,0,0
8922,18,18
8923,0,0
8924,28,11
8925,0,0
8926,105,105
8927,0,0
8928,13,13
8929,0,0
8930,47,47
8931,0,0
8932,0,22
8933,13,0
8934,0,26
8935,0,0
8936,51,51
8937,0,0
8938,21,21
8939,0,0
8940,19,19
8941,0,0
8942,63,63
8943,0,0
8944,126,126
8945,0,0
8946,14,14
8947,0,0
8948,0,78
8949,0,0
8950,12,12
8951,0,0
8952,90,90
8953,0,0
8954,59,59
8955,0,0
8956,19,19
8957,0,0
8958,20,20
8959,0,0
8960,31,31
8961,0,0
8962,0,0
8963,15,15
8964,0,0
8965,16,16
8966,0,0
8967,34,34
8968,0,0
8969,70,70
8970,0,0
8971,38,38
8972,0,0
8973,41,41
8974,0,0
8975,25,25
8976,0,0
8977,18,18
8978,0,0
8979,72,72
8980,0,0
8981,22,22
8982,0,0
8983,25,25
8984,0,0
8985,18,18
8986,0,0
8987,17,17
8988,0,0
8989,128,128
8990,0,0
8991,50,50
8992,0,0
8993,0,0
8994,80,80
8995,0,0
8996,23,23
8997,0,0
8998,0,149
8999,0,0
9000,181,181
9001,0,0
9002,22,22
9003,0,0
9004,37,37
9005,0,0
9006,73,73
9007,49,0
9008,39,39
9009,0,0
9010,0,48
9011,0,0
9012,26,26
9013,0,0
9014,46,46
9015,0,0
9016,55,55
9017,0,0
9018,22,22
9019,36,0
9020,36,36
9021,0,0
9022,53,53
9023,0,0
9024,139,139
9025,0,0
9026,21,21
9027,0,0
9028,114,75
9029,0,0
9030,0,59
9031,0,0
9032,0,0
9033,96,96
9034,0,0
9035,33,33
9036,0,0
9037,11,11
9038,0,0
9039,40,40
9040,0,0
9041,0,19
9042,0,0
9043,0,31
9044,0,0
9045,23,23
9046,0,0
9047,99,99
9048,0,0
9049,25,25
9050,0,0
9051,101,101
9052,0,0
9053,86,86
9054,0,0
9055,12,12
9056,0,0
9057,15,15
9058,0,0
9059,11,11
9060,0,0
9061,11,11
9062,0,0
9063,11,11
9064,0,0
9065,11,11
9066,0,0
9067,15,15
9068,0,0
9069,55,55
9070,0,0
9071,41,41
9072,0,0
9073,12,12
9074,0,0
9075,14,14
9076,0,0
9077,24,24
9078,0,0
9079,72,72
9080,0,0
9081,45,45
9082,0,0
9083,155,155
9084,0,0
9085,0,0
9086,0,0
9087,100,100
9088,0,0
9089,36,36
9090,0,0
9091,48,48
9092,0,0
9093,47,47
9094,0,0
9095,107,107
9096,0,0
9097,63,63
9098,0,0
9099,231,231
9100,0,0
9101,95,95
9102,0,0
9103,0,0
9104,0,0
9105,0,118
9106,0,0
9107,99,99
9108,0,0
9109,85,85
9110,0,0
9111,153,153
9112,0,0
9113,33,33
9114,0,0
9115,103,103
9116,0,0
9117,150,150
9118,0,0
9119,58,58
9120,0,0
9121,109,109
9122,0,0
9123,127,127
9124,0,0
9125,178,178
9126,0,0
9127,93,93
9128,0,0
9129,29,29
9130,0,0
9131,145,145
9132,0,0
9133,23,23
9134,0,0
9135,0,63
9136,0,0
9137,12,12
9138,0,0
9139,16,16
9140,0,0
9141,33,33
9142,0,0
9143,24,24
9144,0,0
9145,114,114
9146,0,0
9147,16,16
9148,0,0
9149,23,23
9150,0,0
9151,118,118
9152,0,0
9153,26,26
9154,0,0
9155,0,31
9156,0,0
9157,31,31
9158,0,0
9159,20,20
9160,0,0
9161,0,14
9162,0,0
9163,10,10
9164,0,0
9165,13,13
9166,0,0
9167,48,48
9168,0,0
9169,0,117
9170,0,0
9171,48,48
9172,0,0
9173,57,57
9174,0,0
9175,75,75
9176,0,0
9177,0,0
9178,0,0
9179,107,107
9180,0,0
9181,64,64
9182,0,0
9183,0,0
9184,0,0
9185,0,0
9186,0,0
9187,81,81
9188,0,0
9189,64,64
9190,0,0
9191,28,28
9192,0,0
9193,47,47
9194,0,0
9195,48,48
9196,0,0
9197,78,78
9198,0,0
9199,45,45
9200,0,0
9201,31,31
9202,0,0
9203,32,32
9204,0,0
9205,52,52
9206,0,0
9207,38,34
9208,0,0
9209,42,42
9210,0,0
9211,28,28
9212,0,0
9213,57,57
9214,0,0
9215,100,100
9216,0,0
9217,34,34
9218,0,0
9219,122,122
9220,0,0
9221,0,95
9222,40,0
9223,48,48
9224,0,0
9225,74,74
9226,0,0
9227,58,58
9228,0,0
9229,91,91
9230,0,0
9231,123,123
9232,0,0
9233,55,55
9234,0,0
9235,0,0
9236,55,55
9237,0,0
9238,52,52
9239,0,0
9240,69,69
9241,0,0
9242,46,46
9243,0,0
9244,39,39
9245,0,0
9246,41,41
9247,0,0
9248,120,120
9249,0,0
9250,169,169
9251,0,0
9252,22,22
9253,0,0
9254,16,16
9255,0,0
9256,0,53
9257,0,0
9258,87,87
9259,0,0
9260,0,69
9261,0,0
9262,0,0
9263,16,16
9264,0,0
9265,0,0
9266,0,56
9267,0,0
9268,70,70
9269,0,0
9270,53,53
9271,0,0
9272,21,21
9273,0,0
9274,9,9
9275,0,0
9276,88,88
9277,81,0
9278,12,12
9279,0,0
9280,65,65
9281,0,0
9282,146,146
9283,0,0
9284,169,165
9285,0,0
9286,18,18
9287,0,0
9288,149,149
9289,0,0
9290,40,40
9291,0,0
9292,20,20
9293,0,0
9294,0,215
9295,0,0
9296,185,185
9297,0,0
9298,114,114
9299,0,0
9300,10,10
9301,0,0
9302,15,15
9303,0,0
9304,10,10
9305,0,0
9306,17,17
9307,0,0
9308,51,51
9309,0,0
9310,22,22
9311,0,0
9312,13,13
9313,0,0
9314,18,18
9315,0,0
9316,10,10
9317,0,0
9318,91,87
9319,0,0
9320,48,48
9321,0,0
9322,0,22
9323,22,0
9324,24,24
9325,0,0
9326,0,168
9327,0,0
9328,14,14
9329,0,0
9330,16,16
9331,0,0
9332,24,24
9333,0,0
9334,46,46
9335,0,0
9336,0,63
9337,0,0
9338,9,9
9339,0,0
9340,0,46
9341,0,0
9342,55,55
9343,0,0
9344,83,83
9345,93,0
9346,45,45
9347,0,0
9348,16,16
9349,0,0
9350,0,18
9351,18,0
9352,79,79
9353,0,0
9354,28,28
9355,0,0
9356,17,17
9357,0,0
9358,21,21
9359,0,0
9360,18,18
9361,0,0
9362,14,14
9363,0,0
9364,18,18
9365,0,0
9366,14,14
9367,0,0
9368,14,14
9369,0,0
9370,18,18
9371,0,0
9372,19,19
9373,0,0
9374,18,18
9375,0,0
9376,18,18
9377,0,0
9378,18,18
9379,0,0
9380,158,158
9381,0,0
9382,21,21
9383,0,0
9384,59,59
9385,0,0
9386,0,26
9387,0,0
9388,15,15
9389,0,0
9390,0,69
9391,0,0
9392,78,78
9393,0,0
9394,45,45
9395,0,0
9396,106,106
9397,0,0
9398,0,75
9399,0,0
9400,21,21
9401,0,0
9402,36,36
9403,0,0
9404,0,118
9405,0,0
9406,0,0
9407,0,0
9408,27,23
9409,0,0
9410,0,14
9411,0,0
9412,11,11
9413,0,0
9414,18,18
9415,0,0
9416,0,0
9417,0,0
9418,52,52
9419,89,0
9420,63,63
9421,0,0
9422,11,11
9423,0,0
9424,0,0
9425,0,0
9426,29,29
9427,0,0
9428,20,20
9429,0,0
9430,41,41
9431,0,0
9432,23,23
9433,0,0
9434,9,9
9435,0,0
9436,18,18
9437,0,0
9438,38,33
9439,0,0
9440,17,17
9441,0,0
9442,0,27
9443,0,0
9444,0,16
9445,0,0
9446,20,20
9447,0,0
9448,0,21
9449,0,0
9450,40,40
9451,0,0
9452,31,31
9453,0,0
9454,198,198
9455,0,0
9456,35,35
9457,0,0
9458,14,14
9459,0,0
9460,54,54
9461,0,0
9462,29,29
9463,0,0
9464,0,33
9465,0,0
9466,0,0
9467,137,137
9468,0,0
9469,21,21
9470,0,0
9471,0,0
9472,26,26
9473,0,0
9474,0,62
9475,0,0
9476,0,0
9477,18,18
9478,0,0
9479,36,36
9480,0,0
9481,25,25
9482,0,0
9483,48,44
9484,0,0
9485,101,101
9486,0,0
9487,47,47
9488,0,0
9489,108,108
9490,0,0
9491,18,18
9492,0,0
9493,53,53
9494,0,0
9495,29,21
9496,29,0
9497,18,18
9498,0,0
9499,0,97
9500,0,0
9501,0,60
9502,0,0
9503,0,0
9504,36,36
9505,0,0
9506,42,42
9507,0,0
9508,18,18
9509,0,0
9510,101,101
9511,0,0
9512,12,12
9513,0,0
9514,28,28
9515,0,0
9516,55,55
9517,0,0
9518,41,41
9519,0,0
9520,32,32
9521,0,0
9522,33,33
9523,0,0
9524,15,15
9525,0,0
9526,15,15
9527,0,0
9528,39,39
9529,0,0
9530,53,53
9531,0,0
9532,115,115
9533,0,0
9534,48,48
9535,0,0
9536,16,16
9537,0,0
9538,22,22
9539,0,0
9540,155,155
9541,168,0
9542,16,16
9543,0,0
9544,47,47
9545,0,0
9546,112,112
9547,0,0
9548,53,53
9549,0,0
9550,0,36
9551,0,0
9552,89,89
9553,0,0
9554,157,157
9555,0,0
9556,14,14
9557,0,0
9558,35,35
9559,0,0
9560,295,295
9561,0,0
9562,25,25
9563,0,0
9564,28,28
9565,0,0
9566,29,29
9567,0,0
9568,0,28
9569,0,0
9570,13,13
9571,0,0
9572,36,36
9573,0,0
9574,34,34
9575,0,0
9576,0,94
9577,0,0
9578,56,56
9579,0,0
9580,134,134
9581,0,0
9582,92,92
9583,0,0
9584,0,0
9585,0,0
9586,28,28
9587,0,0
9588,0,179
9589,0,0
9590,19,19
9591,0,0
9592,89,89
9593,0,0
9594,33,33
9595,0,0
9596,16,16
9597,0,0
9598,16,16
9599,0,0
9600,41,41
9601,0,0
9602,112,112
9603,0,0
9604,0,0
9605,0,0
9606,0,0
9607,0,0
9608,23,23
9609,0,0
9610,48,48
9611,0,0
9612,19,19
9613,0,0
9614,19,19
9615,0,0
9616,103,103
9617,0,0
9618,27,27
9619,0,0
9620,100,100
9621,0,0
9622,87,87
9623,0,0
9624,164,164
9625,0,0
9626,172,172
9627,0,0
9628,19,19
9629,0,0
9630,244,146
9631,244,0
9632,205,205
9633,0,0
9634,73,73
9635,0,0
9636,110,110
9637,0,0
9638,0,0
9639,0,0
9640,102,102
9641,0,0
9642,90,90
9643,0,0
9644,16,16
9645,0,0
9646,26,22
9647,0,0
9648,58,58
9649,58,0
9650,108,108
9651,0,0
9652,90,90
9653,0,0
9654,0,178
9655,0,0
9656,25,25
9657,0,0
9658,53,53
9659,0,0
9660,18,18
9661,0,0
9662,118,118
9663,0,0
9664,58,58
9665,0,0
9666,9,9
9667,0,0
9668,28,28
9669,0,0
9670,0,29
9671,0,0
9672,46,46
9673,0,0
9674,12,12
9675,0,0
9676,12,12
9677,0,0
9678,49,49
9679,0,0
9680,0,28
9681,0,0
9682,0,33
9683,0,0
9684,228,259
9685,228,0
9686,101,101
9687,0,0
9688,64,64
9689,0,0
9690,121,121
9691,0,0
9692,102,102
9693,0,0
9694,119,139
9695,0,0
9696,66,66
9697,0,0
9698,57,57
9699,0,0
9700,9,9
9701,0,0
9702,84,84
9703,0,0
9704,55,55
9705,0,0
9706,41,37
9707,0,0
9708,17,17
9709,0,0
9710,15,15
9711,0,0
9712,9,9
9713,0,0
9714,21,21
9715,0,0
9716,11,11
9717,0,0
9718,24,24
9719,0,0
9720,0,31
9721,0,0
9722,0,0
9723,0,0
9724,26,26
9725,0,0
9726,0,22
9727,0,0
9728,54,54
9729,0,0
9730,132,132
9731,0,0
9732,273,273
9733,0,0
9734,32,32
9735,0,0
9736,27,27
9737,0,0
9738,18,18
9739,0,0
9740,22,22
9741,0,0
9742,60,60
9743,0,0
9744,116,116
9745,0,0
9746,20,20
9747,0,0
9748,84,84
9749,0,0
9750,40,40
9751,0,0
9752,0,11
9753,0,0
9754,9,9
9755,0,0
9756,15,15
9757,0,0
9758,22,22
9759,0,0
9760,35,35
9761,0,0
9762,20,20
9763,0,0
9764,0,28
9765,0,0
9766,31,31
9767,0,0
9768,0,11
9769,0,0
9770,0,11
9771,0,0
9772,78,78
9773,0,0
9774,28,28
9775,0,0
9776,206,206
9777,0,0
9778,14,14
9779,0,0
9780,0,26
9781,0,0
9782,93,93
9783,0,0
9784,0,97
9785,0,0
9786,0,15
9787,0,0
9788,76,76
9789,0,0
9790,21,21
9791,0,0
9792,78,78
9793,0,0
9794,0,107
9795,0,0
9796,99,97
9797,0,0
9798,0,28
9799,0,0
9800,0,55
9801,0,0
9802,0,0
9803,0,0
9804,0,184
9805,0,0
9806,169,169
9807,0,0
9808,0,236
9809,0,0
9810,233,233
9811,0,0
9812,66,66
9813,0,0
9814,0,0
9815,0,56
9816,0,0
9817,0,57
9818,0,0
9819,0,0
9820,0,0
9821,0,13
9822,0,0
9823,0,0
9824,15,15
9825,0,0
9826,69,69
9827,0,0
9828,64,64
9829,0,0
9830,0,0
9831,222,222
9832,0,0
9833,54,54
9834,0,0
9835,0,54
9836,0,0
9837,0,0
9838,0,0
9839,0,81
9840,0,0
9841,0,54
9842,0,0
9843,73,73
9844,0,0
9845,31,31
9846,0,0
9847,92,106
9848,92,0
9849,118,118
9850,0,0
9851,121,121
9852,0,0
9853,61,61
9854,0,0
9855,29,66
9856,0,0
9857,0,52
9858,0,0
9859,23,23
9860,0,0
9861,21,21
9862,0,0
9863,24,24
9864,0,0
9865,32,32
9866,0,0
9867,0,0
9868,41,41
9869,0,0
9870,51,51
9871,0,0
9872,0,16
9873,0,0
9874,33,33
9875,0,0
9876,77,77
9877,0,0
9878,32,32
9879,0,0
9880,21,21
9881,0,0
9882,30,30
9883,0,0
9884,0,90
9885,0,0
9886,0,55
9887,0,0
9888,0,82
9889,0,0
9890,11,11
9891,0,0
9892,179,179
9893,0,0
9894,43,43
9895,0,0
9896,83,83
9897,0,0
9898,0,99
9899,0,0
9900,19,19
9901,0,0
9902,66,66
9903,0,0
9904,41,41
9905,0,0
9906,28,28
9907,0,0
9908,63,63
9909,0,0
9910,93,93
9911,0,0
9912,116,116
9913,0,0
9914,13,13
9915,0,0
9916,133,133
9917,0,0
9918,97,97
9919,0,0
9920,18,18
9921,0,0
9922,130,130
9923,0,0
9924,28,28
9925,0,0
9926,0,0
9927,44,44
9928,0,0
9929,102,102
9930,0,0
9931,56,56
9932,0,0
9933,0,0
9934,0,155
9935,0,0
9936,0,0
9937,137,137
9938,0,0
9939,33,33
9940,0,0
9941,33,26
9942,0,0
9943,76,76
9944,0,0
9945,36,36
9946,0,0
9947,13,13
9948,0,0
9949,20,20
9950,0,0
9951,19,19
9952,0,0
9953,0,149
9954,0,0
9955,32,32
9956,0,0
9957,56,56
9958,0,0
9959,61,61
9960,0,0
9961,44,44
9962,0,0
9963,123,123
9964,0,0
9965,14,10
9966,0,0
9967,79,79
9968,0,0
9969,10,10
9970,0,0
9971,16,21
9972,0,0
9973,47,47
9974,0,0
9975,15,15
9976,0,0
9977,21,17
9978,0,0
9979,17,17
9980,0,0
9981,67,67
9982,0,0
9983,19,16
9984,0,0
9985,26,26
9986,0,0
9987,22,22
9988,0,0
9989,33,33
9990,0,0
9991,56,56
9992,0,0
9993,0,12
9994,0,0
9995,61,61
9996,0,0
9997,89,89
9998,0,0
9999,30,30
